Nome	Categoria	Porção Média	Calorias	Carboidratos	Proteína	Gordura	Saturada	MUF	PUF	Fibra	A	B1	B2	B3	B5	B6	B9	B12	C	D	E	K	K2	Sódio	Potássio	Cálcio	Selenio	Fósforo	Zinco	Ferro	Mercurio	Cádmio	Chumbo	Cobre	Manganês	Magnésio	Choline	Omega 	Omega 	Creatina	Carnosina	Taurina	Glutathione	Glycine	Astaxanthin	Licopeno	Oleic Acid	Linoleic Acid	Lutein	Zeaxantina	Coenzima Q10	Sulforafano	Resveratrol	Quercetina	Curcumina	L-Teanina	Carnitina	Antocianinas	Isoflavonas	Catequinas	Ácido clorogenico	Ácido cafeico	Outros estilbenos	Lignanas	Fisetina	Apigenina	Ácido Elágico	Nitratos Naturais	Capsaicina	Hesperidina	Naringenina	Ácido Ursólico	Indol-3-Carbinol	DIM	Beta-Glucanas
Unidade		g	kcal	g	g	g	g	g	g	g	mcg	mg	mg	mg	mg	mg	mcg	mcg	mg	mcg	mg	mcg	mcg	mg	mg	mg	mcg	mg	mg	mg	mcg	mcg	mcg	mg	mg	mg	mg	g	g	mg	mg	mg	mg	mg	mg	mg	g	g	mg	mg	mg	mg	mg	mg	mg	mg	mg	mg	mg	mg	mg	mg	mg	mg	mg	mg	mg	mg	mg	mg	mg	mg	mg	mg	g
Recomendado		100	2000	130	56	44	0	0	0	25	900	1.2	1.3	16	5	1.3	400	2.4	90	15	15	120	0	1500	3400	1000	55	700	11	8	0	0	0	0.9	2.3	400	550	1.6	17	3000	500	1000	250	3000	4	10	20	12	10	2	100	10	100	500	500	200	1000	100	50	250	150	50	50	50	100	50	100	350	15	200	50	150	200	100	3
Máximo Recomendado		100	0	0	0	0	22	0	0	0	3000	0	0	35	0	100	1000	0	2000	100	1000	0	0	2300	0	2500	400	4000	40	45	7	25	10	10	11	350	3500	3	0	10000	2000	3000	1000	15000	12	75	45	17	20	10	1200	100	500	1000	2000	1200	3000	1000	150	800	1000	500	300	300	2000	1000	1000	2000	150	2000	500	1000	800	300	15
Carne Moída (patinho)		100	219	0	28	11	4.5	4.8	0.4	0	0	0.08	0.2	5.5	0.6	0.4	8	2.5	0	0.1	0.2	1.5	1.1	60	350	12	22	220	6.2	3	0.1	0.1	0.5	0.1	0.01	22	85	0.05	0.35	350	350	40	12	1800	0	0	4.1	0.3	0	0	3.1	0	0	0	0	0	95	0	0	0	0	0	0	0	0	0	0	0	0	0	0	0	0	0	0
Peito de Frango		100	165	0	31	3.6	1	1.2	0.8	0	5	0.07	0.12	13.7	1.5	0.9	4	0.3	0	0.1	0.3	0	0.2	74	256	15	27	228	1	1	0.05	0.05	0.3	0.05	0.01	29	85	0.06	0.65	300	250	30	10	1200	0	0	1.1	0.6	0	0	1.4	0	0	0	0	0	10	0	0	0	0	0	0	0	0	0	0	0	0	0	0	0	0	0	0
Coxa de Frango		100	184	0	24	9	2.5	3.6	2.1	0	12	0.08	0.22	6.5	1.2	0.35	8	0.4	0	0.1	0.3	0	0.5	85	240	11	22	190	2	1.3	0.05	0.05	0.3	0.08	0.01	23	75	0.1	1.8	250	150	70	8	1500	0	0	3.2	1.6	0	0	2	0	0	0	0	0	15	0	0	0	0	0	0	0	0	0	0	0	0	0	0	0	0	0	0
Caranguejo		100	97	0	19	1.5	0.2	0.3	0.6	0	4	0.05	0.07	2.7	0.3	0.15	44	9	3	0.1	2.5	0	0	539	259	89	44	218	4.1	0.7	0.5	0.5	0.8	0.7	0.03	48	70	0.45	0.05	0	0	250	5	1100	0.1	0	0.2	0.03	0	0	0.5	0	0	0	0	0	3	0	0	0	0	0	0	0	0	0	0	0	0	0	0	0	0	0	0
Ovos		100	155	1.1	12.6	10.6	3.3	4.1	1.9	0	149	0.07	0.51	0.07	1.4	0.12	44	1.1	0	2.2	1	0.3	15	124	126	50	31	172	1.1	1.2	0.02	0.01	0.05	0.06	0.03	10	294	0.11	1.1	0	0	0	5	400	0	0	3.5	1	0.35	0.25	0.5	0	0	0	0	0	1	0	0	0	0	0	0	0	0	0	0	0	0	0	0	0	0	0	0
Bode		100	143	0	27	3	0.9	1.1	0.2	0	0	0.1	0.25	4	0.5	0.3	5	1.2	0	0.1	0.2	0	0.5	80	380	15	25	200	5.3	3.7	0.05	0.05	0.4	0.2	0.02	24	80	0.05	0.15	350	280	35	10	1600	0	0	1	0.1	0	0	2.5	0	0	0	0	0	80	0	0	0	0	0	0	0	0	0	0	0	0	0	0	0	0	0	0
Carneiro		100	258	0	25	16.5	6.9	7.2	1.1	0	0	0.11	0.24	6.2	0.65	0.15	18	2.6	0	0.1	0.2	0	1.5	72	280	17	26	190	4.5	1.9	0.05	0.05	0.4	0.12	0.02	22	80	0.15	0.4	400	300	45	10	1700	0	0	6.5	0.35	0	0	3	0	0	0	0	0	100	0	0	0	0	0	0	0	0	0	0	0	0	0	0	0	0	0	0
Coelho		100	197	0	29	8	2.4	2.6	1.8	0	0	0.12	0.18	8.2	0.8	0.45	8	7	0	0.1	0.3	0	0.5	47	383	14	38	260	2.3	2.3	0.05	0.05	0.3	0.15	0.02	25	82	0.25	1.2	380	260	40	10	1400	0	0	2.2	1	0	0	2	0	0	0	0	0	110	0	0	0	0	0	0	0	0	0	0	0	0	0	0	0	0	0	0
Salmão		100	206	0	22	12.5	2.5	4.5	4.4	0	15	0.22	0.15	8.5	1.6	0.65	25	3.2	0	11	1.1	0.5	0.2	60	384	15	36	250	0.4	0.3	1.5	0.1	0.2	0.05	0.02	30	95	2.5	0.3	450	120	150	8	1100	0.8	0	3.8	0.2	0	0	1	0	0	0	0	0	10	0	0	0	0	0	0	0	0	0	0	0	0	0	0	0	0	0	0
Bacalhau		100	105	0	23	0.9	0.2	0.1	0.4	0	10	0.05	0.06	2.5	0.25	0.25	12	1.8	0	1	0.8	0	0	70	413	16	33	200	0.4	0.4	4	0.1	0.3	0.03	0.01	32	80	0.3	0.01	300	80	120	5	1000	0	0	0.08	0.01	0	0	0.3	0	0	0	0	0	5	0	0	0	0	0	0	0	0	0	0	0	0	0	0	0	0	0	0
Camarão		100	99	0.2	24	0.3	0.1	0.05	0.12	0	54	0.03	0.03	2.6	0.4	0.1	4	1.7	0	0.1	2.2	0	0	220	260	70	38	240	1.3	0.5	0.8	0.8	0.5	0.3	0.02	35	135	0.12	0.02	0	0	200	10	1600	1.2	0	0.03	0.01	0	0	0.4	0	0	0	0	0	2	0	0	0	0	0	0	0	0	0	0	0	0	0	0	0	0	0	0
Bife de vaca		100	250	0	26	15	6	6.5	0.5	0	0	0.08	0.2	6	0.6	0.5	10	3	0	0.1	0.2	1.5	1.1	60	350	12	25	230	6.5	2.8	0.1	0.1	0.5	0.1	0.01	22	85	0.05	0.35	400	380	40	12	1800	0	0	5.8	0.3	0	0	3.2	0	0	0	0	0	100	0	0	0	0	0	0	0	0	0	0	0	0	0	0	0	0	0	0
Atum enlatado		100	116	0	26	1	0.3	0.2	0.4	0	20	0.03	0.06	13.3	0.25	0.45	4	2.2	0	1.8	0.8	0	0	350	250	10	68	200	0.8	1.3	12	0.2	0.5	0.05	0.01	28	30	0.3	0.05	400	100	120	5	1100	0	0	0.15	0.04	0	0	0.5	0	0	0	0	0	5	0	0	0	0	0	0	0	0	0	0	0	0	0	0	0	0	0	0
Peito de Peru		100	135	0	30	1.5	0.4	0.4	0.5	0	0	0.06	0.12	9.5	0.8	0.8	6	1.4	0	0.1	0.15	0	0.1	65	300	12	28	210	1.8	1.1	0.05	0.05	0.3	0.06	0.01	28	80	0.04	0.4	300	200	25	8	1300	0	0	0.35	0.35	0	0	1	0	0	0	0	0	15	0	0	0	0	0	0	0	0	0	0	0	0	0	0	0	0	0	0
Escargot		100	90	2	16.1	1.4	0.4	0.3	0.5	0	30	0.12	0.12	1.4	0.5	0.13	6	0.5	0	0	5	0.1	0	70	382	10	27	272	1	3.5	0.2	0.5	0.8	0.4	0.05	250	65	0.22	0.18	0	0	180	5	1100	0	0	0.25	0.15	0	0	0.3	0	0	0	0	0	2	0	0	0	0	0	0	0	0	0	0	0	0	0	0	0	0	0	0
Coxa de Peru		100	159	0	27.5	4.8	1.6	1.4	1.5	0	5	0.07	0.2	5	0.9	0.4	10	1.7	0	0.1	0.2	0	0.2	75	290	14	31	218	3.5	1.9	0.05	0.05	0.3	0.1	0.01	25	78	0.08	1.3	280	120	60	6	1500	0	0	1.2	1.1	0	0	1.5	0	0	0	0	0	22	0	0	0	0	0	0	0	0	0	0	0	0	0	0	0	0	0	0
Alcachofra		100	53	11.5	3	0.2	0.05	0.01	0.08	5.4	1	0.05	0.08	1	0.35	0.11	68	0	7.4	0	0.2	14.8	0	94	285	44	0.2	73	0.4	0.6	0	0.02	0.05	0.12	0.23	42	34	0.01	0.06	0	0	0	3.5	70	0	0	0.01	0.05	0.45	0.05	0	0	0	4.5	0	0	0	0	0	0	35	15	0	0	0	0.1	0	10	0	0	0	0	0	0	0
Rúcula		100	25	3.7	2.6	0.7	0.1	0.05	0.35	1.6	119	0.04	0.09	0.3	0.4	0.07	97	0	15	0	0.43	109	0	27	369	160	0.3	52	0.5	1.5	0	0.05	0.05	0.08	0.32	47	15	0.17	0.13	0	0	0	2	50	0	0	0.04	0.12	3.5	0.1	0	0.5	0	7.2	0	0	0	0	0	0	2	1.5	0	0	0	0	0	300	0	0	0	0	12	3	0
Aspargos		100	22	4.1	2.4	0.2	0.05	0.01	0.1	2	50	0.16	0.13	1	0.22	0.08	149	0	7.7	0	1.5	50	0	14	224	23	6.1	54	0.6	0.9	0	0.02	0.05	0.16	0.2	14	25	0.01	0.05	0	0	0	25	60	0	0	0.01	0.04	0.7	0.05	0	0	0	1.2	0	0	0	0	0	0	4	2	0	0.1	0	0	0	30	0	0	0	0	0	0	0
Beterraba		100	44	10	1.7	0.2	0.03	0.01	0.06	2	2	0.03	0.04	0.3	0.15	0.07	80	0	3.6	0	0.04	0.2	0	74	305	16	0.7	38	0.35	0.79	0	0.05	0.05	0.07	0.3	23	6	0.01	0.05	0	0	0	3	50	0	0	0.01	0.05	0	0	0	0	0	0	0	0	0	0	0	0	1.5	2	0	0	0	0	0	150	0	0	0	0	0	0	0
Pimentão Vermelho		100	26	6	0.9	0.2	0.03	0.01	0.1	1.4	157	0.03	0.03	0.6	0.16	0.22	18	0	127	0	1.25	3	0	2	166	10	0.1	20	0.13	0.35	0	0.05	0.05	0.06	0.1	11	5.6	0.01	0.09	0	0	0	5	30	0	0	0.01	0.09	5.8	0.1	0	0	0	5.4	0	0	0	0	0	0	0.5	1.5	0	0	0	0.1	0	15	0	0	0	0	0	0	0
Couve chinesa		100	12	1.8	1.6	0.2	0.03	0.01	0.09	1	243	0.04	0.05	0.4	0.08	0.05	41	0	26	0	0.09	34	0	34	208	93	0.5	29	0.17	1.04	0	0.05	0.05	0.02	0.14	13	5	0.04	0.05	0	0	0	4	45	0	0	0.01	0.05	1.5	0	0	0.1	0	2.5	0	0	0	0	0	0	0.5	0.8	0	0	0	0	0	100	0	0	0	0	15	4	0
Brócolis		100	35	7	2.4	0.4	0.05	0.03	0.18	3.3	77	0.06	0.08	0.6	0.54	0.2	108	0	65	0	1.4	141	0	41	293	40	1.6	67	0.45	0.67	0	0.02	0.05	0.05	0.22	21	18.7	0.08	0.1	0	0	0	15	85	0	0	0.02	0.1	1.1	0.05	0.3	45	0	13.7	0	0	0	0	0	0	1.2	0.5	0	0.1	0	0	0	40	0	0	0	0	25	6	0
Couve de Bruxelas		100	36	7	2.6	0.5	0.08	0.03	0.24	2.6	38	0.11	0.11	0.6	0.3	0.22	60	0	62	0	0.43	140	0	21	317	36	0.9	56	0.33	1.2	0	0.02	0.05	0.06	0.25	20	19.1	0.11	0.13	0	0	0	10	90	0	0	0.02	0.13	1.3	0.05	0.2	15	0	5.5	0	0	0	0	0	0	1	0.6	0	0.2	0	0	0	50	0	0	0	0	35	9	0
Repolho		100	23	6	1.3	0.1	0.02	0.01	0.04	1.9	4	0.05	0.05	0.3	0.16	0.11	30	0	37	0	0.15	109	0	15	196	48	0.3	23	0.16	0.47	0	0.01	0.05	0.02	0.14	15	10.7	0.02	0.02	0	0	0	8	40	0	0	0.01	0.02	0.31	0	0.05	8	0	3.8	0	0	0	0	0	0	0.8	0.4	0	0.1	0	0	0	80	0	0	0	0	20	5	0
Cenoura		100	35	8.2	0.8	0.2	0.03	0.01	0.1	3	852	0.04	0.04	0.6	0.25	0.15	14	0	3.6	0	0.97	13	0	58	230	30	0.7	30	0.2	0.34	0	0.03	0.05	0.04	0.13	10	7.5	0.01	0.09	0	0	0	5	35	0	0	0.01	0.09	0.25	0.02	0.1	0	0	1.2	0	0	0	0	0	0	6.5	1.2	0	0.1	0	0	0	40	0	0	0	0	0	0	0
Couve flor		100	23	4.1	1.9	0.5	0.08	0.03	0.19	2.3	1	0.04	0.05	0.4	0.52	0.17	44	0	44	0	0.07	14	0	15	142	16	0.6	32	0.24	0.32	0	0.02	0.05	0.03	0.14	12	39.1	0.07	0.12	0	0	0	5	55	0	0	0.02	0.12	0.01	0	0.1	10	0	4.2	0	0	0	0	0	0	0.5	0.3	0	0	0	0	0	35	0	0	0	0	18	4.5	0
Pimenta Chili		100	40	8.8	1.9	0.4	0.04	0.02	0.24	1.5	48	0.07	0.09	1.2	0.2	0.51	23	0	144	0	0.69	14	0	9	322	14	0.5	43	0.3	1.03	0	0.05	0.05	0.13	0.19	23	11	0.01	0.23	0	0	0	3	40	0	0	0.01	0.23	0.7	0	0	0	0	15	0	0	0	0	0	0	1	2.5	0	0	0	0.5	0	20	80	0	0	0	0	0	0
Couve		100	28	5.6	1.9	0.4	0.05	0.03	0.17	2	500	0.05	0.07	0.5	0.05	0.14	13	0	41	0	0.85	418	0	23	170	72	0.9	28	0.24	0.9	0	0.03	0.05	0.15	0.41	18	0.4	0.11	0.06	0	0	0	15	70	0	0	0.02	0.06	18.2	1.2	0.1	12	0	7.5	0	0	0	0	0	0	1.5	3.5	0	0.2	0	0	0	120	0	0	0	0	30	8	0
Endívia		100	17	3.4	1.25	0.2	0.04	0.01	0.09	3.1	108	0.08	0.08	0.4	0.9	0.02	142	0	6.5	0	0.44	231	0	22	314	52	0.2	28	0.79	0.83	0	0.04	0.05	0.1	0.42	15	16.5	0.01	0.08	0	0	0	4	35	0	0	0.01	0.08	3.2	0.1	0	0	0	4.5	0	0	0	0	0	0	2.5	5	0	0	0	0.2	0	150	0	0	0	0	0	0	0
Alho		100	149	33	6.4	0.5	0.09	0.01	0.25	2.1	0	0.2	0.11	0.7	0.6	1.2	3	0	31.2	0	0.08	1.7	0	17	401	181	14.2	153	1.16	1.7	0	0.05	0.05	0.3	1.67	25	23.2	0.01	0.24	0	0	0	10	160	0	0	0.01	0.24	0	0	0.2	0	0	15	0	0	0	0	0	0	0.2	0.5	0	0.1	0	0	0	5	0	0	0	0	0	0	0
Jalapeno		100	29	6.5	0.9	0.4	0.05	0.02	0.17	2.8	47	0.04	0.04	1.3	0.31	0.42	27	0	118	0	0.69	18	0	3	248	12	0.4	26	0.25	0.25	0	0.03	0.05	0.05	0.1	15	7.5	0.01	0.16	0	0	0	3	32	0	0	0.02	0.16	1.2	0.05	0	0	0	12	0	0	0	0	0	0	0.5	1.5	0	0	0	0.2	0	20	25	0	0	0	0	0	0
Alface Romana		100	17	3.3	1.2	0.3	0.04	0.01	0.16	2.1	436	0.07	0.07	0.3	0.13	0.07	136	0	4	0	0.13	102	0	8	247	33	0.4	30	0.23	0.97	0	0.03	0.05	0.05	0.16	14	9.9	0.11	0.05	0	0	0	5	42	0	0	0.01	0.05	2.3	0.1	0	0	0	4.5	0	0	0	0	0	0	0.8	1.8	0	0	0	0.1	0	110	0	0	0	0	0	0	0
Folhas de Mostarda		100	26	4.5	2.7	0.3	0.03	0.01	0.14	3.2	480	0.07	0.08	0.5	0.15	0.15	9	0	25	0	1.5	419	0	17	168	118	0.9	42	0.25	1.2	0	0.03	0.05	0.1	0.35	22	1.5	0.08	0.06	0	0	0	12	75	0	0	0.01	0.06	14.6	0.9	0.1	10	0	6.8	0	0	0	0	0	0	0.6	1.2	0	0.1	0	0	0	140	0	0	0	0	22	5.5	0
Cebola		100	44	10	1.4	0.2	0.03	0.01	0.06	1.4	0	0.04	0.02	0.1	0.12	0.12	15	0	5.2	0	0.02	0.4	0	3	146	22	0.5	29	0.16	0.21	0	0.02	0.05	0.04	0.13	10	6.1	0.01	0.05	0	0	0	4	32	0	0	0.01	0.05	0	0	0.1	0	0	22	0	0	0	0	0	0	0.1	0.4	0	0.1	0	0	0	15	0	0	1.2	0	0	0	0
Ervilha		100	84	15.6	5.4	0.2	0.04	0.01	0.09	5.5	40	0.27	0.14	2.1	0.58	0.22	65	0	14.2	0	0.13	25	0	4	244	27	1.8	117	1.19	1.54	0	0.02	0.05	0.18	0.4	33	28	0.04	0.05	0	0	0	6	180	0	0	0.01	0.05	1.9	0.1	0.1	0	0	3.5	0	0	0	0	0.2	0	0.4	0.2	0	0.2	0	0	0	25	0	0	0	0	0	0	0
Batata Inglesa		100	86	20	1.7	0.1	0.03	0.01	0.04	1.8	0	0.08	0.03	1.4	0.35	0.3	10	0	13	0	0.01	2	0	4	379	8	0.4	44	0.3	0.31	0	0.05	0.05	0.11	0.14	22	14.7	0.01	0.03	0	0	0	3	45	0	0	0.01	0.03	0.05	0	0.05	0	0	1	0	0	0	0	0	0	4.5	1	0	0	0	0	0	20	0	0	0	0	0	0	0
Rabanete		100	16	3.4	0.7	0.1	0.01	0.01	0.05	1.6	0	0.01	0.04	0.3	0.17	0.07	25	0	14.8	0	0	1.3	0	39	233	25	0.6	20	0.28	0.34	0	0.02	0.05	0.02	0.07	10	6.5	0.01	0.04	0	0	0	2	30	0	0	0.01	0.04	0.01	0	0	3	0	1.5	0	0	0	8.5	0	0	0.4	0.6	0	0	0	0	0	180	0	0	0	0	10	2.5	0
Espinafre		100	23	3.8	3	0.3	0.05	0.01	0.14	2.4	524	0.1	0.24	0.5	0.15	0.24	146	0	9.8	0	2.1	494	0	70	466	136	1.5	51	0.76	3.57	0	0.04	0.05	0.17	0.94	87	19.3	0.05	0.09	0	0	0	15	110	0	0	0.01	0.09	12.2	0.8	0.3	0	0	12.6	0	0	0	0	0	0	0.8	1.5	0	0.1	0	0.1	0	300	0	0	0	0	0	0	0
Batata Doce		100	90	20.7	2	0.2	0.05	0.01	0.09	3.3	961	0.08	0.06	0.6	0.8	0.29	6	0	19.6	0	0.26	2.3	0	36	475	38	0.2	54	0.32	0.69	0	0.04	0.05	0.16	0.26	27	12.3	0.01	0.08	0	0	0	4	52	0	0	0.01	0.08	0	0	0.1	0	0	1.5	0	0	0	0	0	0	3.5	1.2	0	0	0	0	0	25	0	0	0	0	0	0	0
Batata Roxa		100	87	20	2	0.1	0.03	0.01	0.04	2	0	0.08	0.03	1.4	0.35	0.3	10	0	13	0	0.01	2	0	4	379	8	0.4	44	0.3	0.31	0	0.05	0.05	0.11	0.14	22	14.7	0.01	0.03	0	0	0	3	45	0	0	0.01	0.03	0	0	0.05	0	0	1	0	0	0	65	0	0	4.2	1.8	0	0	0	0	0	25	0	0	0	0	0	0	0
Agrião		100	11	1.3	2.3	0.1	0.02	0.01	0.06	0.5	160	0.09	0.12	0.2	0.31	0.13	9	0	43	0	1	250	0	41	330	120	0.9	60	0.11	0.2	0	0.02	0.05	0.08	0.24	21	9	0.03	0.03	0	0	0	5	60	0	0	0.01	0.03	5.8	0.4	0	10	0	4.5	0	0	0	0	0	0	0.5	1	0	0	0	0	0	250	0	0	0	0	14	3.5	0
Broto de alfafa		100	23	2.1	4	0.7	0.08	0.08	0.41	1.9	8	0.08	0.13	0.5	0.56	0.03	36	0	8.2	0	0.02	30.5	0	6	79	32	0.6	70	0.92	0.96	0	0.02	0.05	0.16	0.19	27	14.4	0.17	0.24	0	0	0	3	65	0	0	0.08	0.24	0.35	0	0	0	0	2	0	0	0	0	0.5	0	0.2	0.1	0	0.3	0	0.1	0	15	0	0	0	0	0	0	0
Araruta		100	65	13.4	4.2	0.1	0.02	0.01	0.05	1.3	0	0.14	0.06	1.7	0.88	0.27	338	0	1.9	0	0.01	0.2	0	26	454	26	0.7	99	0.43	2.22	0	0.02	0.05	0.12	0.15	25	12	0.01	0.04	0	0	0	2	55	0	0	0.01	0.04	0	0	0	0	0	0	0	0	0	0	0	0	0.2	0.1	0	0	0	0	0	10	0	0	0	0	0	0	0
Broto de Feijão		100	30	6	2	0.2	0.04	0.02	0.08	1.8	1	0.05	0.1	0.8	0.28	0.05	29	0	8.3	0	0.09	22.1	0	6	101	13	0.6	36	0.41	0.65	0	0.02	0.05	0.1	0.14	14	12.4	0.03	0.05	0	0	0	3	50	0	0	0.02	0.05	0.2	0	0	0	0	1	0	0	0	0	0.4	0	0.3	0.2	0	0.1	0	0	0	20	0	0	0	0	0	0	0
Folhas de Beterraba		100	22	4.3	2.2	0.2	0.03	0.01	0.09	2.9	316	0.09	0.18	0.4	0.21	0.1	15	0	18	0	1.5	484	0	76	462	114	0.9	38	0.35	1.9	0	0.03	0.05	0.11	0.35	70	1.5	0.03	0.06	0	0	0	12	75	0	0	0.01	0.06	15	0.8	0.1	0	0	6.8	0	0	0	0	0	0	1.2	2.5	0	0.1	0	0	0	350	0	0	0	0	0	0	0
Folhas de dente-de-leão		100	33	6.4	2	0.6	0.1	0.01	0.2	3	508	0.17	0.14	0.8	0.08	0.18	13	0	18	0	1.9	578	0	36	244	140	0.4	42	0.28	2	0	0.04	0.05	0.12	0.23	30	10.4	0.05	0.15	0	0	0	8	42	0	0	0.01	0.15	13.6	0.7	0	0	0	4.5	0	0	0	0	0	0	1	0.5	0	0	0	0.2	0	150	0	0	0	0	0	0	0
Gengibre		100	80	18	1.8	0.8	0.2	0.15	0.15	2	0	0.03	0.03	0.7	0.2	0.16	11	0	5	0	0.26	0.1	0	13	415	16	0.7	34	0.34	0.6	0	0.02	0.05	0.23	0.23	43	28.8	0.03	0.12	0	0	0	4	52	0	0	0.15	0.12	0	0	0.1	0	0	1	0	0	0	0	0	0	0.5	0.8	0	0	0	0	0	10	0	0	0	0	0	0	0
Cebolinha		100	30	7.3	1.8	0.2	0.03	0.01	0.11	2.6	116	0.07	0.08	0.4	0.13	0.06	64	0	18.8	0	0.21	167	0	3	276	52	0.6	37	0.21	1.2	0	0.02	0.05	0.06	0.13	13	4.2	0.01	0.1	0	0	0	3	38	0	0	0.01	0.1	1.1	0	0	0	0	12	0	0	0	0	0	0	0.2	0.3	0	0	0	2.5	0	60	0	0	0	0	0	0	0
Palmito		100	28	4.6	2.5	0.6	0.13	0.12	0.21	2.4	3	0.05	0.06	0.9	0.2	0.02	24	0	8	0	0.5	0	0	14	178	58	0.7	65	1.15	1.7	0	0.02	0.05	0.12	0.13	38	14	0.01	0.2	0	0	0	2	48	0	0	12	0.2	0	0	0	0	0	0	0	0	0	0	0	0	0.1	0.1	0	0	0	0	0	10	0	0	0	0	0	0	0
Radicchio		100	23	4.5	1.4	0.2	0.03	0.01	0.09	0.9	2	0.02	0.03	0.3	0.13	0.04	60	0	8	0	0.11	212	0	22	302	19	0.3	40	0.62	0.57	0	0.04	0.05	0.34	0.14	13	12	0.01	0.08	0	0	0	2	40	0	0	0.01	0.08	3.5	0.1	0	0	0	4.5	0	0	0	25	0	0	1.2	0.5	0	0	0	0	0	80	0	0	0	0	0	0	0
Repolho Roxo		100	29	7	1.5	0.1	0.02	0.01	0.04	2.5	2	0.06	0.06	0.4	0.18	0.12	24	0	57	0	0.11	90	0	12	243	45	0.6	30	0.22	0.66	0	0.01	0.05	0.03	0.16	16	11.2	0.02	0.02	0	0	0	8	42	0	0	0.01	0.02	0.35	0	0.05	6	0	4.2	0	0	0	120	0	0	0.8	0.4	0	0	0	0	0	70	0	0	0	0	20	5	0
Cebola Roxa		100	40	9.3	1.1	0.1	0.04	0.01	0.05	1.7	0	0.04	0.02	0.1	0.12	0.12	15	0	7.4	0	0.02	0.4	0	4	146	23	0.5	29	0.17	0.21	0	0.02	0.05	0.04	0.14	10	6.1	0.01	0.05	0	0	0	4	35	0	0	0.01	0.05	0	0	0.1	0	0	18	0	0	0	35	0	0	0.1	0.4	0	0.1	0	0.1	0	15	0	0	0	0	0	0	0
Chalota		100	72	16.8	2.5	0.1	0.04	0.01	0.05	3.2	0	0.06	0.02	0.2	0.29	0.34	34	0	8	0	0.04	0.8	0	12	334	37	0.7	60	0.4	1.2	0	0.02	0.05	0.09	0.29	21	12.4	0.01	0.04	0	0	0	5	52	0	0	0.01	0.04	0	0	0.2	0	0	25	0	0	0	5	0	0	0.2	0.4	0	0.1	0	0.1	0	15	0	0	0	0	0	0	0
Acelga		100	20	4.1	1.9	0.2	0.03	0.01	0.09	2.1	306	0.04	0.09	0.4	0.16	0.1	14	0	18	0	1.89	327	0	213	379	51	0.9	46	0.33	2.26	0	0.04	0.05	0.13	0.34	86	18	0.03	0.06	0	0	0	12	65	0	0	0.01	0.06	11	0.7	0.1	0	0	5.5	0	0	0	0	0	0	0.5	0.5	0	0	0	0.1	0	180	0	0	0	0	0	0	0
Folha de Nabo		100	27	4.4	2.4	0.3	0.05	0.01	0.15	3.5	381	0.07	0.1	0.6	0.38	0.18	194	0	27	0	1.88	368	0	29	296	137	0.7	41	0.19	1.1	0	0.03	0.05	0.08	0.47	42	1.5	0.08	0.07	0	0	0	10	75	0	0	0.01	0.07	12.8	0.8	0.1	15	0	3.5	0	0	0	0	0	0	0.4	0.6	0	0	0	0	0	120	0	0	0	0	25	6	0
Espinafre d'água		100	19	3.1	2	0.2	0.04	0.01	0.09	2.1	315	0.07	0.1	0.7	0.22	0.1	57	0	31	0	0.5	210	0	42	312	77	0.9	38	0.5	1.7	0	0.04	0.05	0.1	0.4	35	15	0.04	0.05	0	0	0	6	55	0	0	0.01	0.05	8.5	0.3	0	0	0	2	0	0	0	0	0	0	0.5	0.8	0	0	0	0	0	200	0	0	0	0	0	0	0
Abacate		100	160	8.5	2	15	2.1	9.8	1.8	6.7	7	0.07	0.13	1.7	1.4	0.26	81	0	10	0	2.07	21	0	7	485	12	0.4	52	0.64	0.55	0	0.02	0.05	0.19	0.14	29	14.2	0.11	1.7	0	0	0	3	45	0	0	9.5	1.7	0.27	0.03	9.5	0	0	5	0	0	0	0	0	0	0.2	0.1	0	0	0	0	0	10	0	0	0	0	0	0	0
Banana		100	89	22.8	1.1	0.3	0.1	0.03	0.07	2.6	3	0.03	0.07	0.7	0.33	0.37	20	0	8.7	0	0.1	0.5	0	1	358	5	1	22	0.15	0.26	0	0.01	0.05	0.08	0.27	27	9.8	0.03	0.05	0	0	0	1	25	0	0	0.03	0.05	0.03	0.01	0.1	0	0	0.5	0	0	0	0	0	0	0.5	0.2	0	0	0	0	0	5	0	0	0	0	0	0	0
Amora		100	43	9.6	1.4	0.5	0.03	0.05	0.37	5.3	1	0.03	0.04	0.6	0.28	0.03	25	0	21	0	0.87	7.8	0	1	162	29	0.2	22	0.53	0.62	0	0.02	0.05	0.06	0.65	20	12.3	0.11	0.26	0	0	0	3	42	0	0	0.05	0.26	0.12	0	0	0	0	3.2	0	0	0	150	0	15	1.2	0.5	0	0	0	0	40	10	0	0	0	0	0	0	0
Mirtilo		100	57	14.5	0.7	0.3	0.03	0.05	0.15	2.4	3	0.04	0.04	0.4	0.12	0.05	6	0	9.7	0	0.57	19.3	0	1	77	6	0.1	12	0.16	0.28	0	0.02	0.05	0.06	0.34	6	6	0.06	0.09	0	0	0	2	25	0	0	0.05	0.09	0.08	0	0.1	0	0.3	2.4	0	0	0	250	0	10	4.5	0.8	0	0	0	0	5	5	0	0	0	0	0	0	0
Melão		100	34	8.2	0.8	0.2	0.05	0.01	0.08	0.9	169	0.04	0.02	0.7	0.13	0.07	21	0	36.7	0	0.05	2.5	0	16	267	9	0.4	15	0.18	0.21	0	0.02	0.05	0.04	0.04	12	7.6	0.04	0.05	0	0	0	1	15	0	0	0.01	0.05	0.03	0.01	0	0	0	0	0	0	0	0	0	0	0.1	0.1	0	0	0	0	0	15	0	0	0	0	0	0	0
Cereja		100	50	12	1	0.3	0.04	0.05	0.06	1.6	3	0.03	0.03	0.4	0.14	0.05	4	0	7	0	0.07	2.1	0	0	222	13	0	21	0.1	0.36	0	0.02	0.05	0.06	0.05	11	6.1	0.05	0.04	0	0	0	2	22	0	0	0.05	0.04	0.09	0	0.1	0	0	1.5	0	0	0	60	0	5	1.5	0.3	0	0	0	0	2	10	0	0	0	0	0	0	0
Coco		100	354	15.2	3.3	33.5	29.7	1.4	0.4	9	0	0.07	0.02	0.5	0.3	0.05	26	0	3.3	0	0.24	0.2	0	20	356	14	10.1	113	1.1	2.43	0	0.04	0.05	0.44	1.5	32	12.1	0.01	0.36	0	0	0	1	160	0	0	1.35	0.36	0	0	0.2	0	0	0	0	0	0	0	0	0	0	0	0	0	0	0	0	0	0	0	0	0	0	0	0
Oxicoco		100	46	12.2	0.4	0.1	0.01	0.02	0.06	4.6	3	0.01	0.02	0.1	0.3	0.06	1	0	13.3	0	1.2	5.1	0	2	85	8	0.1	13	0.1	0.25	0	0.02	0.05	0.06	0.36	6	5.5	0.02	0.04	0	0	0	1	12	0	0	0.02	0.04	0.09	0	0	0	0	3.5	0	0	0	100	0	20	0.8	0.4	0	0	0	0	12	5	0	0	0	0	0	0	0
Uva		100	69	18.1	0.7	0.2	0.05	0.01	0.07	0.9	3	0.07	0.07	0.2	0.05	0.09	2	0	3.2	0	0.19	14.6	0	2	191	10	0.1	20	0.07	0.36	0	0.02	0.05	0.13	0.07	7	5.6	0.01	0.05	0	0	0	2	18	0	0	0.01	0.05	0.07	0	0.1	0	0.8	1.2	0	0	0	80	0	12	0.5	0.2	0.5	0	0	0	0	10	0	0	0	0	0	0	0
Toranja		100	32	8.1	0.6	0.1	0.01	0.01	0.03	1.1	46	0.04	0.03	0.2	0.28	0.05	13	0	31.2	0	0.13	0	0	0	135	12	0.1	8	0.07	0.08	0	0.02	0.05	0.03	0.02	9	7.7	0.01	0.02	0	0	0	1	12	0	1.4	0.01	0.02	0.01	0	0	0	0	0	0	0	0	0	0	0	6.5	1.5	0	0	0	0	0	15	0	0	45	0	0	0	0
Goiaba		100	68	14.3	2.6	1	0.27	0.09	0.4	5.4	31	0.05	0.04	1.1	0.45	0.11	49	0	228	0	0.73	2.6	0	2	417	18	0.6	40	0.23	0.26	0	0.03	0.05	0.23	0.15	22	7.6	0.05	0.35	0	0	0	4	50	0	5.2	0.09	0.35	0.52	0	0.1	0	0	2	0	0	0	0	0	0	1.2	0.5	0	0	0	0	2	10	0	0	0	0	0	0	0
Kiwi		100	61	14.7	1.1	0.5	0.03	0.05	0.29	3	4	0.03	0.03	0.3	0.18	0.06	25	0	92.7	0	1.46	40.3	0	3	312	34	0.2	34	0.14	0.31	0	0.02	0.05	0.13	0.1	17	7.8	0.04	0.25	0	0	0	3	41	0	0	0.05	0.25	0.12	0.01	0.1	0	0	1	0	0	0	0	0	0	1.5	0.4	0	0	0	0	0	10	0	0	0	0	0	0	0
Limão		100	29	9.3	1.1	0.3	0.04	0.01	0.09	2.8	1	0.04	0.02	0.2	0.19	0.05	11	0	53	0	0.15	0	0	2	138	26	0.4	16	0.06	0.6	0	0.02	0.05	0.04	0.03	8	5.1	0.03	0.06	0	0	0	2	15	0	0	0.01	0.06	0.01	0	0	0	0	2.5	0	0	0	0	0	0	0.5	0.2	0	0	0	0	0	10	0	35	2	0	0	0	0
Manga		100	60	15	0.8	0.4	0.1	0.1	0.07	1.6	54	0.03	0.04	0.7	0.2	0.12	43	0	36.4	0	0.9	4.2	0	1	168	11	0.6	14	0.09	0.16	0	0.03	0.05	0.11	0.06	10	7.6	0.04	0.04	0	0	0	3	34	0	0	1	0.04	0.05	0.01	0	0	0	1	0	0	0	0	0	0	0.6	0.3	0	0	0	0	0	15	0	0	0	0	0	0	0
Laranja		100	47	11.8	0.9	0.1	0.02	0.02	0.03	2.4	11	0.09	0.04	0.4	0.25	0.06	30	0	53.2	0	0.18	0	0	0	181	40	0.5	14	0.07	0.1	0	0.02	0.05	0.05	0.03	10	8.4	0.01	0.03	0	0	0	2	24	0	0	0.02	0.03	0.13	0.03	0	0	0	1.5	0	0	0	0	0	0	0.8	0.4	0	0	0	0	0	15	0	50	1.5	0	0	0	0
Mamão		100	43	10.8	0.5	0.3	0.08	0.08	0.06	1.7	47	0.02	0.03	0.4	0.22	0.04	38	0	60.9	0	0.3	2.6	0	8	182	20	0.6	10	0.08	0.25	0	0.03	0.05	0.05	0.04	21	6.1	0.02	0.04	0	0	0	3	15	0	1.8	0.08	0.04	0.09	0.05	0	0	0	0	0	0	0	0	0	0	0.2	0.1	0	0	0	0	0	10	0	0	0	0	0	0	0
Abacaxi		100	50	13.1	0.5	0.1	0.01	0.01	0.04	1.4	3	0.08	0.03	0.5	0.21	0.11	18	0	47.8	0	0.02	0.7	0	1	109	13	0.1	8	0.12	0.29	0	0.02	0.05	0.11	0.93	12	5.5	0.02	0.02	0	0	0	2	18	0	0	0.01	0.02	0	0	0	0	0	0	0	0	0	0	0	0	0.3	0.5	0	0	0	0	0	10	0	0	0	0	0	0	0
Ameixa		100	46	11.4	0.7	0.3	0.02	0.13	0.04	1.4	17	0.03	0.03	0.4	0.14	0.03	5	0	9.5	0	0.26	6.4	0	0	157	6	0	16	0.1	0.17	0	0.02	0.05	0.06	0.01	7	5.6	0.01	0.04	0	0	0	2	22	0	0	0.13	0.04	0.07	0	0	0	0	1.2	0	0	0	40	0	3	8.5	1.2	0	0	0	0	0	10	0	0	0	0	0	0	0
Romã		100	83	18.7	1.7	1.2	0.12	0.09	0.08	4	0	0.07	0.05	0.3	0.38	0.08	38	0	10.2	0	0.6	16.4	0	3	236	10	0.5	36	0.35	0.3	0	0.02	0.05	0.16	0.12	12	7.6	0.01	0.08	0	0	0	2	44	0	0	0.09	0.08	0	0	0	0	0	1.8	0	0	0	45	0	12	1	0.5	0	0	0	0	120	15	0	0	0	0	0	0	0
Abóbora		100	26	6.5	1	0.1	0.02	0.01	0.03	0.5	288	0.03	0.08	0.4	0.17	0.05	9	0	4.7	0	0.44	0.8	0	1	230	15	0.4	21	0.23	0.35	0	0.02	0.05	0.06	0.08	9	6.2	0.01	0.02	0	0	0	4	30	0	0	0.01	0.02	1.5	0.05	0	0	0	0	0	0	0	0	0	0	0.5	0.3	0	0	0	0	0	20	0	0	0	0	0	0	0
Framboesa		100	52	11.9	1.2	0.7	0.02	0.06	0.46	6.5	2	0.03	0.04	0.6	0.33	0.06	21	0	26.2	0	0.87	7.8	0	1	151	25	0.2	29	0.42	0.69	0	0.02	0.05	0.09	0.67	22	12.3	0.13	0.46	0	0	0	4	44	0	0	0.06	0.46	0.14	0	0	0	0	2.8	0	0	0	60	0	5	1.2	0.4	0	0	0	0	45	10	0	0	0	0	0	0	0
Morango		100	32	7.7	0.7	0.3	0.02	0.04	0.16	2	1	0.02	0.02	0.4	0.13	0.05	24	0	58.8	0	0.29	2.2	0	1	153	16	0.4	24	0.14	0.41	0	0.02	0.05	0.05	0.39	13	5.7	0.07	0.09	0	0	0	3	32	0	0	0.04	0.09	0.03	0	0	0	0.1	2.5	0	0	0	45	0	4	1.5	0.6	0	0	18	0	25	10	0	0	0	0	0	0	0
Tangerina		100	53	13.3	0.8	0.3	0.04	0.06	0.05	1.8	34	0.06	0.04	0.4	0.22	0.08	16	0	26.7	0	0.2	0	0	2	166	37	0.1	12	0.07	0.15	0	0.02	0.05	0.04	0.04	12	10.2	0.01	0.04	0	0	0	2	22	0	0	0.06	0.04	0.13	0.05	0	0	0	1.2	0	0	0	0	0	0	0.4	0.2	0	0	0	0	0	10	0	30	3.5	0	0	0	0
Tomate		100	18	3.9	0.9	0.2	0.03	0.03	0.09	1.2	42	0.04	0.02	0.6	0.25	0.08	15	0	13.7	0	0.54	7.9	0	5	237	10	0.4	24	0.17	0.27	0	0.03	0.05	0.06	0.11	11	6.7	0.01	0.08	0	0	0	3	28	0	2.6	0.03	0.08	0.13	0.01	0.1	0	0	3.5	0	0	0	0	0	0	3.2	1.5	0	0	0	0.1	0	15	0	0	0	0	0	0	0
Melancia		100	30	7.6	0.6	0.1	0.02	0.04	0.05	0.4	28	0.03	0.02	0.2	0.22	0.05	3	0	8.1	0	0.05	0.1	0	1	112	7	0.4	11	0.1	0.24	0	0.03	0.05	0.04	0.04	10	4.1	0.01	0.05	0	0	0	2	14	0	4.5	0.04	0.05	0.01	0	0.1	0	0	0	0	0	0	0	0	0	0.1	0.1	0	0	0	0	0	15	0	0	0	0	0	0	0
Acerola		100	32	7.7	0.4	0.3	0.02	0.04	0.16	1.1	38	0.02	0.06	0.4	0.22	0.05	24	0	1677	0	0.29	2.2	0	1	153	16	0.4	24	0.14	0.41	0	0.02	0.05	0.05	0.39	13	5.7	0.07	0.09	0	0	0	3	32	0	0	0.04	0.09	0.03	0	0	0	0	0.1	0	0	0	15	0	2	3.5	1	0	0	0	0	1.5	10	0	0	0	0	0	0	0
Groselha Preta		100	63	15.4	1.4	0.4	0.03	0.05	0.37	6.8	1	0.03	0.04	0.6	0.28	0.03	25	0	181	0	0.87	7.8	0	1	162	29	0.2	22	0.53	0.62	0	0.02	0.05	0.06	0.65	20	12.3	0.11	0.26	0	0	0	3	42	0	0	0.05	0.26	0.12	0	0	0	0	0	0	0	0	300	0	15	5	2.2	0	0	0	0	8	10	0	0	0	0	0	0	0
Azeitona preta		100	115	6.3	0.8	10.7	1.3	7.9	0.9	3.2	7	0.03	0.03	0.2	0.1	0.02	3	0	0	0	1.7	0.5	0	735	8	8	0.4	4	0.22	3.3	0	0.02	0.05	0.25	0.02	4	12	0.04	0.85	0	0	0	1	15	0	0	7.5	0.85	0.1	0	0.1	0	0	1.5	0	0	0	15	0	2	0.5	0.5	0	0	0	0	0	5	0	0	0	0	0	0	0
Jujube		100	79	20.2	1.2	0.2	0.04	0.05	0.11	1.5	3	0.04	0.04	0.5	0.2	0.05	12	0	69	0	0.1	1.5	0	3	250	21	0.1	23	0.1	0.5	0	0.02	0.05	0.05	0.05	10	6.5	0.02	0.09	0	0	0	2	22	0	0	0.05	0.09	0	0	0	0	0	1.2	0	0	0	0	0	0	1.2	0.6	0	0	0	0	0	10	0	0	0	0	0	0	0
Kinkan		100	71	15.9	1.9	0.9	0.1	0.15	0.45	6.5	15	0.04	0.09	0.5	0.25	0.1	16	0	44	0	0.15	0	0	1	186	62	0.3	20	0.17	0.4	0	0.02	0.05	0.1	0.14	20	12	0.04	0.4	0	0	0	1	28	0	0	0.12	0.4	0.25	0.1	0	0	0	0	0	0	0	0	0	0	0.8	0.5	0	0	0	0	0	10	0	45	4	0	0	0	0
Lingonberry		100	46	11.5	0.7	0.5	0.03	0.25	0.15	2.5	3	0.03	0.02	0.2	0.15	0.05	2	0	11	0	1.2	5.1	0	2	85	8	0.1	13	0.1	0.25	0	0.02	0.05	0.06	0.36	6	5.5	0.02	0.13	0	0	0	1	12	0	0	0.21	0.13	0.09	0	0	0	0.2	1.5	0	0	0	150	0	18	2.5	1.1	0	0	0	0	15	8	0	0	0	0	0	0	0
Lichia		100	66	16.5	0.8	0.4	0.1	0.1	0.1	1.3	0	0.01	0.07	0.6	0.14	0.01	7	0	71.5	0	0.07	0.4	0	1	171	5	0.6	31	0.07	0.31	0	0.02	0.05	0.15	0.05	10	7.6	0.02	0.07	0	0	0	2	18	0	0	0.07	0.07	0	0	0	0	0	0	0	0	0	0	0	15	0.4	0.2	0	0	0	0	0	10	0	0	0	0	0	0	0
Maracujá		100	97	23.4	2.2	0.7	0.1	0.1	0.4	10.4	64	0	0.13	3	0.2	0.1	14	0	30	0	0.02	0.7	0	28	348	12	0.6	68	0.1	1.6	0	0.03	0.05	0.1	0.1	29	7.6	0.01	0.4	0	0	0	3	41	0	0	0.08	0.4	0	0	0	0	0	0	0	0	0	0	0	0	0.6	0.4	0	0	0	0	0	12	0	0	0	0	0	0	0
Pomelo		100	38	9.6	0.8	0.04	0.01	0.01	0.02	1	0	0.03	0.03	0.2	0.15	0.03	10	0	61	0	0.11	0	0	1	216	4	0.1	17	0.08	0.11	0	0.02	0.05	0.03	0.02	6	6	0.01	0.02	0	0	0	1	12	0	0	0.01	0.02	0.01	0	0	0	0	0	0	0	0	0	0	0	4.5	1.2	0	0	0	0	0	15	0	0	35	0	0	0	0
Figo da Índia		100	41	9.6	0.7	0.5	0.05	0.25	0.1	3.6	3	0.01	0.05	0.4	0.2	0.05	6	0	14	0	0.05	1.2	0	5	220	56	0.6	24	0.12	0.3	0	0.02	0.05	0.08	0.12	85	6	0.01	0.2	0	0	0	2	15	0	0	0.22	0.2	0.05	0	0	0	0	1.2	0	0	0	5	0	0	0.3	0.2	0	0	0	0	0	15	0	0	0	0	0	0	0
Rambutan		100	68	16	0.9	0.2	0.02	0.06	0.08	0.9	0	0.01	0.02	1.3	0.2	0.02	8	0	4.9	0	0.05	0.2	0	11	140	22	0.5	9	0.08	0.35	0	0.02	0.05	0.06	0.3	7	6.5	0.01	0.07	0	0	0	1	16	0	0	0.06	0.07	0	0	0	0	0	0	0	0	0	0	0	10	0.3	0.2	0	0	0	0	0	10	0	0	0	0	0	0	0
Groselha Vermelha		100	56	13.8	1.4	0.2	0.02	0.04	0.12	4.3	2	0.04	0.05	0.5	0.25	0.05	16	0	41	0	0.1	1.5	0	1	275	33	0.3	24	0.23	0.8	0	0.02	0.05	0.07	0.15	13	7.6	0.04	0.11	0	0	0	3	38	0	0	0.04	0.11	0.1	0	0	0	0	0	0	0	0	60	0	8	2.2	0.8	0	0	0	0	4	10	0	0	0	0	0	0	0
Rosa Mosqueta		100	162	38.2	1.6	0.3	0.03	0.05	0.18	24	217	0.02	0.15	1.3	0.8	0.15	25	0	426	0	5.84	25.9	0	4	429	169	0.5	61	0.25	1	0	0.03	0.05	0.11	0.5	69	14	0.03	0.15	0	0	0	5	115	0	0	0.05	0.15	2.4	0	0	0	0	1.5	0	0	0	10	0	25	8.5	4	0	0	0	0	5	15	0	0	0	0	0	0	0
Carambola		100	31	6.7	1	0.3	0.03	0.04	0.16	2.8	3	0.01	0.02	0.3	0.15	0.02	12	0	34.4	0	0.15	0	0	2	133	3	0.6	12	0.12	0.08	0	0.02	0.05	0.13	0.04	10	7.6	0.03	0.13	0	0	0	2	24	0	0	0.04	0.13	0.05	0	0	0	0	1.5	0	0	0	0	0	0	0.4	0.3	0	0	0	0.1	0	10	0	0	0	0	0	0	0
Tamarindo		100	239	62.5	2.8	0.6	0.27	0.18	0.07	5.1	2	0.43	0.15	1.9	0.94	0.07	14	0	3.5	0	0.1	2.8	0	28	628	74	1.3	113	0.12	2.8	0	0.03	0.05	0.08	0.86	92	8.4	0.01	0.06	0	0	0	4	65	0	0	0.18	0.06	0	0	0	0	0	0	0	0	0	0	0	0	0.5	0.2	0	0	0	0	0	12	0	0	0	0	0	0	0
Tomatillo		100	32	5.8	1	1	0.12	0.48	0.34	1.9	6	0.04	0.04	1.8	0.18	0.05	7	0	11.7	0	1.14	10.1	0	1	268	7	0.5	39	0.22	0.62	0	0.03	0.05	0.19	0.15	20	7.5	0.03	0.3	0	0	0	2	30	0	0	0.45	0.3	0.15	0	0	0	0	0	0	0	0	0	0	0	1.8	0.8	0	0	0	0	0	15	0	0	0	0	0	0	0
Amêndoa		100	579	21.6	21.2	49.9	3.8	31.5	12.3	12.5	0	0.21	0.4	3.6	0.47	0.14	44	0	0	0	25.6	0	0	1	733	269	4.1	481	3.1	3.7	0	0.03	0.05	1	2.2	270	52	0.01	12.1	0	0	0	15	450	0	0	30.5	12.1	0.1	0	0.1	0	0	25	0	0	0	0	0	1.5	0.5	0.2	0	0.3	0	0	0	10	0	0	0	0	0	0	0
Castanha do Pará		100	659	12.3	14.3	67.1	16.1	23.8	24.3	7.5	0	0.62	0.05	0.3	0.18	0.1	22	0	0	0	5.5	0	0	3	597	160	1917	725	4.1	2.4	0	0.03	0.05	1.3	1.2	376	55	0.02	24.1	0	0	0	12	650	0	0	23.5	24.1	0	0	0	0	0	0	0	0	0	0	0	0	0.1	0.1	0	0.2	0	0	0	5	0	0	0	0	0	0	0
Castanha de Caju		100	553	30.2	18.2	43.8	7.8	23.8	7.8	3.3	0	0.42	0.06	1	0.86	0.42	25	0	0	0	0.9	0	0	12	660	37	19.9	593	5.8	6.7	0	0.03	0.05	2.2	1.6	292	61	0.03	7.7	0	0	0	10	480	0	0	23.5	7.7	0.1	0	0.1	0	0	15	0	0	0	0	0	0.5	0.2	0.1	0	0.1	0	0	0	8	0	0	0	0	0	0	0
Avelã		100	628	16.7	15	60.8	4.5	45.7	7.9	9.7	2	0.64	0.11	1.8	0.92	0.56	113	0	6.3	0	15	14.2	0	0	680	114	2.4	290	2.5	4.7	0	0.02	0.05	1.7	6.2	163	45	0.04	7.8	0	0	0	12	380	0	0	45.5	7.8	0.2	0	0.2	0	0	12	0	0	0	0	0	5	0.4	0.2	0	0.2	0	0	0	7	0	0	0	0	0	0	0
Macadâmia		100	718	13.8	7.9	75.8	12.1	58.9	1.5	8.6	0	0.12	0.16	2.5	0.76	0.28	11	0	1.2	0	0.54	0	0	5	368	85	3.6	188	1.3	3.7	0	0.03	0.05	0.76	4.1	130	42	0.2	1.3	0	0	0	5	150	0	0	53.8	1.3	0	0	0	0	0	0	0	0	0	0	0	0	0.1	0.1	0	0.1	0	0	0	5	0	0	0	0	0	0	0
Amendoim		100	567	16.1	25.8	49.2	6.3	24.4	15.6	8.5	0	0.64	0.14	12.1	1.8	0.35	240	0	0	0	4.9	0	0	18	705	92	7.2	376	3.3	4.6	0	0.04	0.05	1.1	1.9	168	52	0	15.5	0	0	0	15	1400	0	0	24.2	15.5	0	0	0.1	0	0.1	2	0	0	0	0	0	0.8	0.2	0.1	0	0.3	0	0	0	12	0	0	0	0	0	0	0
Pecan		100	691	13.9	9.2	72	6.2	40.8	21.6	9.6	3	0.66	0.13	1.2	0.86	0.21	22	0	1.1	0	3.6	3.5	0	0	410	70	3.8	277	4.5	2.5	0	0.03	0.05	1.2	4.5	121	40	0.6	20.6	0	0	0	6	350	0	0	40.5	20.6	0	0	0	0	0	0	0	0	0	0	0	10	0.8	0.4	0	0.4	0	0	45	10	0	0	0	0	0	0	0
Pinoli		100	673	13.1	13.7	68.4	4.9	18.7	34.1	3.7	1	0.36	0.23	4.4	0.31	0.11	34	0	0.8	0	9.3	53.9	0	2	597	16	0.7	575	6.4	5.5	0	0.03	0.05	1.3	8.8	251	55	0.16	33.5	0	0	0	8	420	0	0	18.5	33.5	0	0	0	0	0	0	0	0	0	0	0	0	0.1	0.1	0	0.1	0	0	0	5	0	0	0	0	0	0	0
Pistachios		100	562	27.5	20.3	45.3	5.9	23.3	14.4	10.6	26	0.87	0.16	1.3	0.52	0.52	51	0	5.6	0	2.3	13.2	0	1	1025	105	7	490	2.2	3.9	0	0.02	0.05	1.3	1.2	121	50	0.3	13.2	0	0	0	15	480	0	0	23.1	13.2	1.2	0.1	0	0	0	0	0	0	0	5	0	1.2	0.3	0.1	0	0.2	0	0.1	0	15	0	0	0	0	0	0	0
Noz		100	654	13.7	15.2	65.2	6.1	8.9	47.2	6.7	1	0.34	0.15	1.1	0.57	0.54	98	0	1.3	0	0.7	2.7	0	2	441	98	2.6	346	3.1	2.9	0	0.03	0.05	1.6	3.4	158	45	9.1	38.1	0	0	0	12	380	0	0	8.5	38.1	0.01	0	0.01	0	0	0	0	0	0	0	0	5	1.2	0.5	0	0.5	0	0	85	12	0	0	0	0	0	0	0
Feijão Azuki		100	128	25	7.5	0.1	0.03	0	0.05	7.3	0	0.12	0.04	0.6	0.4	0.1	121	0	0	0	0.1	0	0	2	532	28	0.8	168	1.7	2	0.02	0.05	0.05	0.28	0.53	52	31	0.01	0.04	0	0	0	3.5	340	0	0	0.01	0.04	0	0	0.1	0	0	1.5	0	0	0	15	0.5	2	1	0.4	0	0.2	0	0	0	20	0	0	0	0	0	0	0
Feijão Preto		100	132	23.7	8.9	0.5	0.1	0.04	0.2	8.7	0	0.24	0.06	0.5	0.24	0.14	144	0	0	0	0.2	3.3	0	1	355	27	0.3	160	1.1	2.1	0.02	0.05	0.05	0.21	0.44	70	31	0.11	0.1	0	0	0	4	420	0	0	0.04	0.1	0	0	0.2	0	0	2.4	0	0	0	45	0.6	3.5	1.5	0.5	0	0.3	0	0	0	25	0	0	0	0	0	0	0
Feijão Fradinho		100	116	21	7.7	0.5	0.1	0.04	0.2	6.5	0	0.2	0.06	0.5	0.38	0.1	208	0	0	0	0.3	2.5	0	4	278	24	2.4	156	1.1	2.5	0.02	0.05	0.05	0.19	0.46	53	27	0.04	0.15	0	0	0	3	360	0	0	0.04	0.15	0	0	0.1	0	0	1.2	0	0	0	0	0.4	1	0.8	0.3	0	0.2	0	0	0	15	0	0	0	0	0	0	0
Feijão Branco		100	139	25	9.7	0.4	0.1	0.03	0.16	6.3	0	0.12	0.06	0.4	0.24	0.12	81	0	0	0	0.2	0	0	4	415	90	1.3	188	1	3.7	0.02	0.05	0.05	0.23	0.43	63	29	0.05	0.1	0	0	0	3.2	440	0	0	0.03	0.1	0	0	0.15	0	0	1	0	0	0	0	0.3	0.8	0.6	0.2	0	0.1	0	0	0	15	0	0	0	0	0	0	0
Grão de Bico		100	164	27.4	8.9	2.6	0.3	1.4	0.6	7.6	1	0.12	0.06	0.5	0.28	0.14	172	0	1.3	0	0.4	4	0	7	291	49	3.7	168	1.5	2.9	0.02	0.05	0.05	0.35	1.03	48	42.8	0.03	0.55	0	0	0	4.5	480	0	0	1.3	0.55	0.03	0.01	0.25	0	0	0.8	0	0	0	0	0.8	1.2	0.5	0.2	0	0.2	0	0	0	20	0	0	0	0	0	0	0
Feijão Rajado		100	143	26	9	0.6	0.1	0.05	0.3	9	0	0.18	0.06	0.6	0.22	0.15	130	0	0	0	0.2	2.3	0	2	379	46	0.7	147	1	2.2	0.02	0.05	0.05	0.22	0.41	50	32	0.04	0.23	0	0	0	3.8	410	0	0	0.05	0.23	0	0	0.15	0	0	1.5	0	0	0	5	0.4	1.5	0.8	0.3	0	0.2	0	0	0	18	0	0	0	0	0	0	0
Edamame		100	122	8.9	11.9	5.2	0.4	1.3	2.2	5.2	15	0.2	0.15	0.9	0.4	0.1	311	0	6.1	0	0.7	26.7	0	6	436	63	0.8	169	1.3	2.3	0.02	0.05	0.05	0.14	1.02	64	56.3	0.36	1.79	0	0	0	8	520	0	0	1.25	1.79	0.35	0.05	0.4	0	0	2.2	0	0	0	0	50	2.5	1.2	0.4	0	0.4	0	0	0	30	0	0	0	0	0	0	0
Fava		100	110	19.7	7.6	0.4	0.1	0.05	0.15	5.4	1	0.1	0.09	0.7	0.24	0.07	104	0	0.4	0	0.05	2.9	0	5	268	37	0.7	125	0.6	1.5	0.02	0.05	0.05	0.21	0.42	43	23.5	0.02	0.12	0	0	0	2.5	340	0	0	0.04	0.12	0.12	0.01	0.1	0	0	1.2	0	0	0	0	0.5	1	0.7	0.3	0	0.1	0	0	0	25	0	0	0	0	0	0	0
Feijão Vermelho		100	127	22.8	8.7	0.5	0.1	0.04	0.22	6.4	0	0.16	0.06	0.6	0.22	0.12	130	0	0	0	0.2	2.1	0	2	403	28	1.1	142	1	2.2	0.02	0.05	0.05	0.24	0.45	45	30	0.05	0.16	0	0	0	3.5	390	0	0	0.04	0.16	0	0	0.15	0	0	1.8	0	0	0	10	0.5	2	1.1	0.4	0	0.2	0	0	0	22	0	0	0	0	0	0	0
Feijão Lima		100	115	21	7.8	0.4	0.1	0.03	0.16	7	0	0.15	0.05	0.5	0.21	0.16	28	0	1	0	0.15	0	0	2	508	32	0.9	136	0.9	2.4	0.02	0.05	0.05	0.24	0.51	43	28	0.04	0.12	0	0	0	3	350	0	0	0.03	0.12	0.05	0.01	0.1	0	0	1	0	0	0	0	0.3	0.5	0.4	0.2	0	0.1	0	0	0	15	0	0	0	0	0	0	0
Tremoço		100	119	9.9	15.6	2.9	0.4	1.1	1.2	2.8	0	0.22	0.22	1.4	0.38	0.12	40	0	0	0	0.22	0	0	4	245	51	4.5	212	1.4	1.2	0.02	0.05	0.05	0.32	0.94	54	35	0.15	1	0	0	0	5	680	0	0	1	1	0	0	0.3	0	0	0	0	0	0	0	0.2	0.4	0.3	0.1	0	0.1	0	0	0	20	0	0	0	0	0	0	0
Feijão Mungo		100	105	19.2	7	0.4	0.1	0.03	0.15	7.6	1	0.16	0.06	0.6	0.4	0.07	159	0	1	0	0.15	2.7	0	2	324	27	2.5	142	0.9	1.4	0.02	0.05	0.05	0.15	0.34	48	29	0.03	0.12	0	0	0	3	340	0	0	0.03	0.12	0.08	0.01	0.1	0	0	4.2	0	0	0	0	0.6	1.8	0.9	0.4	0	0.2	0	0	0	25	0	0	0	0	0	0	0
Feijão Manteiga		100	135	25	9.6	0.4	0.1	0.03	0.16	6.5	0	0.12	0.06	0.4	0.24	0.12	81	0	0	0	0.2	0	0	4	415	85	1.3	180	1	3.5	0.02	0.05	0.05	0.23	0.43	60	29	0.05	0.1	0	0	0	3.2	440	0	0	0.03	0.1	0	0	0.15	0	0	1	0	0	0	0	0.4	0.8	0.6	0.2	0	0.1	0	0	0	15	0	0	0	0	0	0	0
Feijão Carioca		100	137	25	9.1	0.6	0.1	0.05	0.3	8.5	0	0.21	0.06	0.6	0.22	0.14	130	0	0	0	0.2	2.2	0	2	379	44	0.7	147	1	2.2	0.02	0.05	0.05	0.22	0.41	50	32	0.04	0.23	0	0	0	3.8	410	0	0	0.05	0.23	0	0	0.15	0	0	1.5	0	0	0	1.2	0.4	1.2	0.7	0.3	0	0.2	0	0	0	18	0	0	0	0	0	0	0
Soja		100	172	9.9	16.6	9	1.3	2	5.1	6	1	0.16	0.29	0.4	0.15	0.1	54	0	1.7	0	0.35	19.2	0	1	515	102	1.5	242	1.15	5.1	0.02	0.05	0.05	0.4	0.81	86	56.3	0.6	4.5	0	0	0	8	920	0	0	1.9	4.5	0.13	0.03	0.4	0	0	2.5	0	0	0	0	150	4	2.5	0.8	0	0.6	0	0	0	40	0	0	0	0	0	0	0
Chia		100	486	42.1	16.5	30.7	3.3	2.3	23.7	34.4	3	0.62	0.17	8.8	0.93	0.1	49	0	1.6	0	0.5	0	0	16	407	631	55.2	860	4.6	7.7	0.02	0.03	0.05	0.92	2.7	335	78.7	17.8	5.8	0	0	0	5	940	0	0	2.2	5.8	0	0	0.1	0	0	15	0	0	0	0	0	0	4	2	0	1.5	0	0	0	15	0	0	0	0	0	0	0
Feno grego		100	323	58.4	23	6.4	0.6	2	3.4	24.6	3	0.32	0.37	1.6	0.6	0.6	57	0	3	0	0.4	0	0	67	770	176	6.3	296	2.5	33.5	0.02	0.04	0.05	1.1	1.2	191	45	0.3	3.1	0	0	0	6	1350	0	0	1.9	3.1	0	0	0.2	0	0	8.5	0	0	0	0	0	0	0.8	0.4	0	0.5	0	0	0	35	0	0	0	0	0	0	0
Linhaça		100	534	28.9	18.3	42.2	3.7	7.5	28.7	27.3	0	1.64	0.16	3.1	0.98	0.47	87	0	0.6	0	0.31	4.3	0	30	813	255	25.4	642	4.3	5.7	0.02	0.03	0.05	1.22	2.48	392	78.7	22.8	5.9	0	0	0	5.5	1250	0	0	7.5	5.9	0.35	0	0.3	0	0	4.5	0	0	0	0	0	0	1.5	0.6	0	300	0	0	0	12	0	0	0	0	0	0	0
Semente de Cânhamo		100	553	8.7	31.6	48.7	4.6	5.4	38.1	4	0	1.28	0.28	9.2	0.9	0.6	110	0	0.5	0	0.8	0	0	5	1200	70	42	1650	9.9	8	0.02	0.02	0.05	1.6	7.6	700	110	10	28	0	0	0	12	1600	0	0	5.4	28	0	0	0.5	0	0	0	0	0	0	0	0	0	0.5	0.3	0	2	0	0	0	10	0	0	0	0	0	0	0
Lentilha		100	116	20	9	0.4	0.1	0.07	0.18	7.9	1	0.17	0.06	1.1	0.65	0.18	181	0	1.5	0	0.11	1.7	0	2	369	19	2.8	180	1.3	3.3	0.02	0.05	0.05	0.25	0.49	36	32	0.05	0.13	0	0	0	4	420	0	0	0.07	0.13	0.25	0.02	0.1	0	0	1.5	0	0	0	0	0.5	2.2	1.1	0.4	0	0.3	0	0	0	30	0	0	0	0	0	0	0
Semente de Lótus		100	332	64.5	15.4	2	0.4	0.4	1	13.4	0	0.64	0.18	1.6	0.85	0.63	104	0	0	0	0.05	0	0	5	1368	163	3.6	624	1.1	3.5	0.02	0.03	0.05	0.44	2.3	210	45	0.04	0.96	0	0	0	5	850	0	0	0.4	0.96	0.00	0.00	0.2	0	0	2.3	0	0	0	0	0	0	0.3	0.1	0	0.2	0	0	0	15	0	0	0	0	0	0	0
Sementes de Papoula		100	525	28.1	18	41.6	4.5	6	28.6	19.5	0	0.85	0.1	1	0.32	0.25	82	0	1	0	1.77	0	0	26	719	1438	13.5	870	7.9	9.8	0.02	0.04	0.05	1.6	6.7	347	61.2	0.3	28.3	0	0	0	6.5	1100	0	0	6	28.3	0	0	0.2	0	0	0	0	0	0	0	0	0	0.2	0.1	0	0.8	0	0	0	10	0	0	0	0	0	0	0
Semente de abóbora		100	559	10.7	30.2	49	8.7	16.2	20.9	6	1	0.27	0.15	4.4	0.75	0.14	58	0	1.9	0	2.18	7.3	0	7	809	46	9.4	1233	7.8	8.8	0.02	0.03	0.05	1.34	4.54	592	63	0.18	20.7	0	0	0	12	1800	0	0	16.2	20.7	0.01	0	0.6	0	0	0	0	0	0	0	0	0	0.5	0.2	0	10	0	0	0	25	0	0	0	0	0	0	0
Sementes de Cártamo		100	517	34.3	16.2	38.5	3.7	5.2	28.1	24.2	3	1.16	0.14	2.3	0.85	0.52	51	0	0	0	34.1	0	0	2	680	78	4.9	490	5.5	4.9	0.02	0.04	0.05	1.3	1.2	354	50	0.11	28	0	0	0	6	1200	0	0	5.2	28	0	0	0.2	0	0	5.5	0	0	0	0	0	0	0.1	0.1	0	0.4	0	0	0	8	0	0	0	0	0	0	0
Gergelim		100	573	23.4	17.7	49.7	7	18.7	21.8	11.8	1	0.79	0.25	4.5	0.05	0.79	97	0	0	0	0.25	0	0	11	468	975	5.7	629	7.8	14.6	0.02	0.03	0.05	4.1	2.5	351	25.6	0.38	21.4	0	0	0	5.5	1200	0	0	18.7	21.4	0	0	0.25	0	0	0	0	0	0	0	0	0	0.4	0.2	0	40	0	0	0	10	0	0	0	0	0	0	0
Semente de Girassol		100	584	20	20.8	51.5	4.5	18.5	23.1	8.6	3	1.48	0.35	8.3	1.1	1.3	227	0	1.4	0	35.2	0	0	9	645	78	53	660	5	5.3	0.02	0.05	0.05	1.8	1.9	325	55	0.08	23	0	0	0	8	950	0	0	18.5	23	0	0	0.1	0	0	0	0	0	0	0	0	0	15	5	0	1.2	0	0	0	15	0	0	0	0	0	0	0
Semente de melancia		100	557	15.3	28.3	47.4	9.8	7.4	28.1	0	0	0.19	0.15	3.5	0.34	0.09	58	0	0	0	0	0	0	9	648	54	0.1	755	10.2	7.3	0.02	0.05	0.05	1.3	0.5	515	30	0.01	28	0	0	0	2	1200	0	0	7.4	28	0	0	0	0	0	0	0	0	0	0	0	0	0.2	0.1	0	0.3	0	0	0	12	0	0	0	0	0	0	0
Anchova		100	172	0	25	7.8	1.8	2.5	2.5	0	15	0.08	0.3	17.5	0.8	0.7	12	1.2	0	2.5	0.8	0.1	0.2	120	440	180	45	280	2.1	4.5	2.5	0.1	0.3	0.3	0.05	50	85	1.8	0.2	400	120	180	5	1100	0	0	2.2	0.15	0	0	2.8	0	0	0	0	0	12	0	0	0	0	0	0	0	0	0	0	0	0	0	0	0	0	0	0
Caviar		100	264	4	24.6	17.9	4.1	4.6	7.4	0	271	0.19	0.62	0.12	3.5	0.32	50	20	0	11.7	1.9	0.6	1.5	1500	181	275	65.5	356	1.5	11.9	3	0.1	0.4	0.11	0.05	300	490	6.8	0.6	200	50	250	12	1300	0	0	4.2	0.5	0	0	1.5	0	0	0	0	0	5	0	0	0	0	0	0	0	0	0	0	0	0	0	0	0	0	0	0
Ostra		100	137	4.9	14.1	4.9	1.2	0.9	1.7	0	90	0.09	0.22	3.2	0.7	0.11	15	28.5	6	0.8	1.5	0.1	0	417	244	62	64	186	78.6	8.8	1.5	2.5	0.8	4.5	0.6	36	80	1.2	0.15	0	0	450	8	1200	0	0	0.8	0.1	0	0	1.2	0	0	0	0	0	8	0	0	0	0	0	0	0	0	0	0	0	0	0	0	0	0	0	0
Enguia		100	236	0	23.6	15	3.5	9.3	1.2	0	1200	0.15	0.35	4.5	0.5	0.28	7	5	0	23	5.6	0.1	0.5	65	350	25	38	270	1.9	0.7	6.5	0.2	0.5	0.05	0.02	24	75	1.1	0.1	350	80	150	4	1400	0	0	8.8	0.08	0	0	3.5	0	0	0	0	0	15	0	0	0	0	0	0	0	0	0	0	0	0	0	0	0	0	0	0
Arenque		100	203	0	23	13.5	3.1	5.2	3.8	0	31	0.12	0.31	4.3	0.85	0.45	10	13.7	0	14.2	1.5	0.1	0.4	115	415	74	46	300	1.3	1.4	2	0.05	0.3	0.15	0.03	41	85	2.5	0.3	450	100	160	6	1100	0	0	4.8	0.2	0	0	3.2	0	0	0	0	0	20	0	0	0	0	0	0	0	0	0	0	0	0	0	0	0	0	0	0
Cavalinha		100	262	0	24	18.7	4.3	7.1	5.3	0	55	0.18	0.42	11.2	1.1	0.62	12	12	0	21.4	2.4	0.1	0.5	105	401	15	52	296	0.9	1.6	8.5	0.05	0.4	0.12	0.02	85	95	3.1	0.4	500	150	200	8	1200	0	0	6.5	0.3	0	0	4.3	0	0	0	0	0	25	0	0	0	0	0	0	0	0	0	0	0	0	0	0	0	0	0	0
Mexilhão		100	172	7.4	24	4.5	1	1.2	1.5	0	96	0.16	0.41	3.5	1.1	0.13	76	24	8	0	0.95	0.1	0	368	312	34	85	285	3.5	6.7	1.2	0.3	0.6	0.15	6.8	34	78	1.1	0.1	0	0	320	6	1500	0	0	1	0.08	0	0	0.8	0	0	0	0	0	12	0	0	0	0	0	0	0	0	0	0	0	0	0	0	0	0	0	0
Polvo		100	164	4.4	29.8	2.1	0.5	0.4	0.6	0	20	0.05	0.08	3.8	1.2	0.65	16	36	8	0	2.1	0.1	0	460	630	30	89	280	3.4	9.5	3.5	0.2	0.5	0.7	0.05	60	95	0.5	0.05	0	0	350	5	1600	0	0	0.3	0.04	0	0	1.1	0	0	0	0	0	18	0	0	0	0	0	0	0	0	0	0	0	0	0	0	0	0	0	0
Molusco		100	148	5.1	25.5	2	0.4	0.3	0.7	0	40	0.05	0.42	3.3	0.9	0.21	29	49	0	0	2.4	0.1	0	112	312	92	64	242	2.7	28	2.2	0.1	0.4	0.42	0.1	35	75	0.6	0.04	0	0	280	4	1300	0	0	0.2	0.03	0	0	0.6	0	0	0	0	0	10	0	0	0	0	0	0	0	0	0	0	0	0	0	0	0	0	0	0
Salmão		100	206	0	22	12.5	2.5	4.5	4.4	0	15	0.22	0.15	8.5	1.6	0.65	25	3.2	0	11	1.1	0.5	0.2	60	384	15	36	250	0.4	0.3	1.5	0.1	0.2	0.05	0.02	30	95	2.5	0.3	450	120	150	8	1100	0.8	0	3.8	0.2	0	0	1	0	0	0	0	0	10	0	0	0	0	0	0	0	0	0	0	0	0	0	0	0	0	0	0
Sardinha		100	208	0	25	11.5	2.6	4.2	4.1	0	32	0.08	0.23	5.2	0.6	0.3	10	8.9	0	4.8	2	0.1	0.5	120	397	382	52	490	1.3	2.9	1.2	0.05	0.15	0.19	0.1	39	85	2	0.3	400	100	160	6	1200	0	0	3.5	0.2	0	0	3.2	0	0	0	0	0	20	0	0	0	0	0	0	0	0	0	0	0	0	0	0	0	0	0	0
Truta		100	190	0	27	10	2.1	3.8	3.2	0	18	0.14	0.12	6.1	1.1	0.45	15	4.5	0	4	0.4	0.2	0.1	52	461	25	24	271	0.6	0.5	1	0.05	0.1	0.04	0.01	31	75	1.8	0.4	380	110	120	7	1050	0.1	0	3.2	0.3	0	0	1.2	0	0	0	0	0	12	0	0	0	0	0	0	0	0	0	0	0	0	0	0	0	0	0	0
Olho-de-boi		100	184	0	26	9.2	2.3	3.5	2.8	0	25	0.16	0.06	8.8	0.8	0.5	6	4	0	12	0.5	0.1	0	55	415	23	38	220	0.5	0.5	4.5	0.1	0.3	0.06	0.02	32	80	1.9	0.2	420	140	130	5	1150	0	0	3.1	0.15	0	0	1.5	0	0	0	0	0	16	0	0	0	0	0	0	0	0	0	0	0	0	0	0	0	0	0	0
Abalone		100	189	11	19.6	1.2	0.3	0.2	0.4	0	3	0.12	0.14	1.8	0.6	0.15	12	0.8	4	0	2.4	0.1	0	312	324	37	45	210	1.7	3.5	0.5	0.4	0.3	0.23	0.1	54	72	0.15	0.05	0	0	220	4	1350	0	0	0.15	0.04	0	0	0.3	0	0	0	0	0	4	0	0	0	0	0	0	0	0	0	0	0	0	0	0	0	0	0	0
Salmão Rei		100	231	0	26	15	3.2	5.8	4.8	0	40	0.24	0.14	10	1.5	0.72	28	3.5	0	18	1.5	0.6	0.2	62	410	14	42	282	0.5	0.4	2.5	0.1	0.2	0.06	0.02	34	110	3.1	0.4	480	130	160	9	1200	1.1	0	5.2	0.3	0	0	1.6	0	0	0	0	0	12	0	0	0	0	0	0	0	0	0	0	0	0	0	0	0	0	0	0
Conch		100	130	2.5	25	0.8	0.2	0.1	0.3	0	5	0.04	0.08	1.5	0.4	0.11	8	1.5	0	0	1.2	0.1	0	268	296	15	38	185	1.2	2.4	0.4	0.3	0.2	0.14	0.05	48	65	0.12	0.04	0	0	190	3	1250	0	0	0.08	0.03	0	0	0.2	0	0	0	0	0	3	0	0	0	0	0	0	0	0	0	0	0	0	0	0	0	0	0	0
Centola		100	97	0	19	1.5	0.2	0.3	0.6	0	4	0.05	0.07	2.7	0.3	0.15	44	9	3	0.1	2.5	0	0	539	259	89	44	218	4.1	0.7	0.5	0.5	0.8	0.7	0.03	48	70	0.45	0.05	0	0	250	5	1100	0.1	0	0.2	0.03	0	0	0.5	0	0	0	0	0	3	0	0	0	0	0	0	0	0	0	0	0	0	0	0	0	0	0	0
Tainha		100	150	0	22	5.5	1.4	2.1	1.5	0	45	0.11	0.12	5.8	0.7	0.4	8	5.2	0	8.5	1.1	0.2	0	65	380	32	41	243	0.7	1.2	1.2	0.05	0.2	0.05	0.02	31	82	1.1	0.2	410	110	125	6	1050	0	0	1.8	0.15	0	0	1.1	0	0	0	0	0	14	0	0	0	0	0	0	0	0	0	0	0	0	0	0	0	0	0	0
Perca		100	117	0	24.8	1.6	0.4	0.4	0.6	0	12	0.09	0.14	2.3	0.9	0.24	7	2.2	0	3.2	0.9	0.1	0	78	330	34	42	230	0.6	1.2	1.8	0.05	0.25	0.05	0.02	34	78	0.4	0.1	390	90	110	5	1000	0	0	0.35	0.08	0	0	0.6	0	0	0	0	0	10	0	0	0	0	0	0	0	0	0	0	0	0	0	0	0	0	0	0
Polaca do Alasca		100	111	0	23.5	1.2	0.2	0.2	0.6	0	14	0.06	0.05	3.8	0.5	0.13	4	3.6	0	1.1	0.4	0	0	95	426	13	38	242	0.4	0.4	0.8	0.02	0.1	0.03	0.01	30	85	0.5	0.05	350	80	105	4	980	0	0	0.18	0.03	0	0	0.4	0	0	0	0	0	8	0	0	0	0	0	0	0	0	0	0	0	0	0	0	0	0	0	0
Pampo		100	201	0	23.3	12.1	4.2	4.8	2.1	0	22	0.18	0.13	4.5	0.9	0.25	10	1.2	0	12.5	0.8	0.1	0	75	381	27	45	250	0.8	0.8	3.2	0.06	0.2	0.06	0.02	29	82	1.3	0.4	400	115	125	5	1100	0	0	4.2	0.25	0	0	1.1	0	0	0	0	0	15	0	0	0	0	0	0	0	0	0	0	0	0	0	0	0	0	0	0
Pepino do mar		100	56	0	13	0.4	0.1	0.1	0.1	0	2	0.02	0.04	0.4	0.2	0.05	5	0.5	0	0	0.3	0.1	0	430	210	30	25	140	0.6	1.4	0.4	0.1	0.3	0.12	0.05	22	40	0.05	0.02	0	0	310	3	1450	0	0	0.08	0.02	0	0	0.2	0	0	0	0	0	2	0	0	0	0	0	0	0	0	0	0	0	0	0	0	0	0	0	0
Eperlano		100	124	0	22.6	3.1	0.7	0.9	1.1	0	35	0.12	0.14	2.8	0.7	0.38	11	3.8	0	4.2	1.5	0.1	0	70	364	82	38	284	1.2	1.1	0.8	0.03	0.12	0.05	0.02	32	76	0.8	0.2	360	85	115	4	1020	0	0	0.75	0.1	0	0	0.5	0	0	0	0	0	9	0	0	0	0	0	0	0	0	0	0	0	0	0	0	0	0	0	0
Salmão Vermelho		100	216	0	27.3	11	2.1	4.4	3.6	0	22	0.22	0.16	9.8	1.7	0.74	29	4.5	0	16.5	1.3	0.5	0.2	65	422	12	40	290	0.5	0.5	1.5	0.05	0.15	0.05	0.02	32	105	2.2	0.3	460	125	155	8	1150	1.3	0	3.8	0.2	0	0	1.4	0	0	0	0	0	11	0	0	0	0	0	0	0	0	0	0	0	0	0	0	0	0	0	0
Lagostas		100	122	0	24.3	1.9	0.3	0.4	0.7	0	12	0.04	0.06	3.5	0.4	0.14	6	1.8	0	0.1	1.8	0	0	348	268	84	53	245	3.5	0.6	1.5	0.2	0.4	0.48	0.04	38	72	0.5	0.06	0	0	210	4	1150	0.2	0	0.3	0.04	0.01	0	0.3	0	0	0	0	0	4	0	0	0	0	0	0	0	0	0	0	0	0	0	0	0	0	0	0
Búzio		100	157	3.2	27.6	0.6	0.1	0.1	0.2	0	0	0.03	0.09	1.6	0.3	0.1	10	6.8	0	0	1.5	0.1	0	275	312	52	46	255	2.4	6.5	0.5	0.4	0.3	0.15	0.08	64	62	0.1	0.03	0	0	175	3	1300	0	0	0.06	0.02	0	0	0.2	0	0	0	0	0	2	0	0	0	0	0	0	0	0	0	0	0	0	0	0	0	0	0	0
Arroz Integral Cozido		100	112	23	2.6	0.9	0.2	0.3	0.3	1.8	0	0.1	0.03	1.5	0.3	0.14	4	0	0	0	0.1	0	0	1	43	10	5	77	0.6	0.4	0.01	2.5	0.2	0.1	0.4	43	9.2	0.02	0.3	0	0	0	0	150	0	0	0.3	0.3	0	0	0	0	0	0	0	0	0	0	0	0	0.1	0.2	0	0.5	0	0	0	0	0	0	0	0	0	0	0
Arroz Branco Cozido		100	130	28	2.7	0.3	0.1	0.1	0.1	0.4	0	0.02	0.01	1.5	0.2	0.05	3	0	0	0	0	0	0	1	35	3	4	37	0.4	0.2	0.01	0.5	0.1	0.05	0.2	12	2.1	0.01	0.1	0	0	0	0	50	0	0	0.1	0.1	0	0	0	0	0	0	0	0	0	0	0	0	0	0	0	0	0	0	0	0	0	0	0	0	0	0	0
Aveia em Flocos Cozida		100	71	12	2.5	1.4	0.2	0.4	0.6	1.7	0	0.1	0.02	0.3	0.14	0.03	8	0	0	0	0.1	0	0	2	61	15	4	77	0.5	0.6	0.01	0.8	0.1	0.07	0.5	27	6	0.03	0.5	0	0	0	0	120	0	0	0.4	0.5	0	0	0	0	0	0	0	0	0	0	0	0	0.1	0.1	0	0.3	0	0	0	0	0	0	0	0	0	0	1
Quinoa Cozida		100	120	21.3	4.4	1.9	0.2	0.7	0.9	2.8	0	0.1	0.04	0.4	0.3	0.12	42	0	0	0	0.6	0	0	7	172	17	2.8	152	1.1	1.5	0.01	1.2	0.2	0.1	0.6	64	7	0.05	0.8	0	0	0	0	180	0	0	0.7	0.8	0	0	0	0	0	0	0	0	0	0	0	0	0.1	0.1	0	0.1	0	0	0	0	0	0	0	0	0	0	0.2
Trigo Sarraceno Cozido		100	92	20	3.4	0.6	0.1	0.2	0.3	2.7	0	0.09	0.06	0.9	0.25	0.13	14	0	0	0	0.3	0	0	4	128	11	2.2	120	0.6	1.3	0.01	0.8	0.1	0.1	0.4	51	9.5	0.02	0.3	0	0	0	0	140	0	0	0.2	0.3	0	0	0	0	0	0	0	0	0	0	0	0	0.1	0.2	0	0	0	0	0	0	0	0	0	0	0	0	0.1
Cevada Cozida		100	123	28	2.3	0.4	0.1	0.05	0.2	3.8	0	0.12	0.06	2	0.3	0.12	14	0	0	0	0.1	0	0	4	147	11	0.8	75	0.8	1.3	0.01	0.6	0.1	0.1	0.3	33	11.5	0.02	0.2	0	0	0	0	110	0	0	0.05	0.2	0	0	0	0	0	0	0	0	0	0	0	0	0.1	0.1	0	0.5	0	0	0	0	0	0	0	0	0	0	1.2
Milho Cozido		100	96	21	3.4	1.5	0.2	0.4	0.8	2.4	12	0.09	0.06	1.7	0.7	0.14	42	0	0	0	0.5	0.4	0	1	218	2	0.6	89	0.5	0.5	0.01	0.4	0.1	0.05	0.16	32	23	0.03	0.7	0	0	0	0	140	0	0	0.4	0.7	0.45	0.25	0.1	0	0	1	0	0	0	0	0	0	0.1	0.2	0	0	0	0	0	0	0	0	0	0	0	0	0
Painço Cozido		100	119	23.7	3.5	1	0.2	0.3	0.5	1.3	0	0.11	0.06	0.6	0.3	0.11	19	0	0	0	0.22	0.2	0	2	62	3	0.9	100	0.6	1.1	0.01	0.5	0.1	0.08	0.3	44	9.5	0.02	0.5	0	0	0	0	130	0	0	0.3	0.5	0	0	0	0	0	0	0	0	0	0	0	0	0	0	0	0.2	0	0	0	0	0	0	0	0	0	0	0
Amarante Cozido		100	102	19.3	3.8	1.6	0.4	0.5	0.6	2.1	0	0.03	0.02	0.2	0.15	0.11	22	0	0	0	0.25	0	0	4	135	47	0.9	142	0.9	2.1	0.01	0.6	0.1	0.1	0.6	65	12	0.03	0.5	0	0	0	0	160	0	0	0.5	0.5	0	0	0	0	0	0	0	0	0	0	0	0	0	0	0	0	0	0	0	0	0	0	0	0	0	0	0.1
Centeio em Grão Cozido		100	125	28.5	2.5	0.6	0.1	0.1	0.3	5.2	0	0.14	0.04	1.2	0.33	0.12	18	0	0	0	0.45	0.4	0	2	166	15	1.1	125	0.9	1.5	0.01	0.8	0.1	0.08	0.4	40	10.5	0.02	0.3	0	0	0	0	120	0	0	0.1	0.3	0	0	0	0	0	0	0	0	0	0	0	0	0.2	0.1	0	1.2	0	0	0	0	0	0	0	0	0	0	0.8
Cuscuz de Sêmola Cozido		100	112	23.2	3.6	0.1	0	0	0.05	1.4	0	0.06	0.03	0.8	0.24	0.05	15	0	0	0	0.1	0	0	5	58	8	27.5	24	0.25	0.4	0.01	0.3	0.1	0.04	0.08	8	3.3	0.01	0.04	0	0	0	0	80	0	0	0	0.04	0	0	0	0	0	0	0	0	0	0	0	0	0	0	0	0	0	0	0	0	0	0	0	0	0	0	0
Bulgur Cozido		100	83	18.6	3.1	0.2	0.04	0.02	0.1	4.5	0	0.06	0.03	1	0.3	0.08	18	0	0	0	0.1	0	0	4	68	10	2.3	40	0.6	1	0.01	0.3	0.1	0.05	0.15	32	6.8	0.01	0.1	0	0	0	0	75	0	0	0.02	0.1	0	0	0	0	0	0	0	0	0	0	0	0	0.1	0.1	0	0.3	0	0	0	0	0	0	0	0	0	0	0
Polenta Cozida		100	64	14.5	1.5	0.3	0.04	0.08	0.15	1.1	2	0.02	0.01	0.4	0.12	0.03	10	0	0	0	0.1	0.1	0	1	35	2	0.2	22	0.12	0.2	0.01	0.2	0.05	0.02	0.05	8	3.5	0.01	0.14	0	0	0	0	45	0	0	0.08	0.14	0.15	0.08	0	0	0	0.5	0	0	0	0	0	0	0	0.1	0	0	0	0	0	0	0	0	0	0	0	0	0
Tapioca Preparada		100	130	32	0.2	0.1	0	0	0	0.2	0	0	0	0	0	0	1	0	0	0	0	0	0	2	5	4	0.1	2	0.05	0.2	0.01	0.2	0.05	0.02	0.02	2	1.1	0	0	0	0	0	0	10	0	0	0	0	0	0	0	0	0	0	0	0	0	0	0	0	0	0	0	0	0	0	0	0	0	0	0	0	0	0	0
Macarrão Integral Cozido		100	124	26.5	5.3	0.5	0.1	0.08	0.25	2.8	0	0.15	0.04	1.2	0.22	0.05	10	0	0	0	0.5	0	0	1	44	12	26	88	0.8	1.1	0.01	0.4	0.1	0.08	0.3	27	7.5	0.03	0.22	0	0	0	0	140	0	0	0.08	0.22	0	0	0	0	0	0	0	0	0	0	0	0	0.1	0.1	0	0.2	0	0	0	0	0	0	0	0	0	0	0
Macarrão de Sêmola Cozido		100	131	28.3	4.6	0.6	0.1	0.08	0.25	1.2	0	0.16	0.03	1.4	0.2	0.04	15	0	0	0	0.1	0	0	1	32	10	18	44	0.5	1.1	0.01	0.3	0.1	0.05	0.15	12	5.4	0.02	0.22	0	0	0	0	90	0	0	0.08	0.22	0	0	0	0	0	0	0	0	0	0	0	0	0	0	0	0	0	0	0	0	0	0	0	0	0	0	0
Sorgo Cozido		100	117	24.5	3.3	1	0.2	0.3	0.5	2.5	0	0.12	0.06	1.5	0.33	0.15	15	0	0	0	0.22	0.2	0	2	101	13	2.2	95	0.7	1.3	0.01	0.5	0.1	0.08	0.3	40	9.5	0.02	0.5	0	0	0	0	120	0	0	0.3	0.5	0	0	0	0	0	0	0	0	0	2	0	0	0.5	0.2	0	0.1	0	0	0	0	0	0	0	0	0	0	0
Arroz Negro Cozido		100	120	24	3.2	1	0.25	0.35	0.4	2.2	0	0.11	0.04	1.6	0.32	0.15	5	0	0	0	0.12	0	0	2	45	12	6	80	0.7	0.5	0.01	2.2	0.15	0.12	0.45	45	9.5	0.03	0.35	0	0	0	0	160	0	0	0.35	0.35	0	0	0	0	0	0	0	0	0	30	0	0	0.2	0.4	0	0.8	0	0	0	0	0	0	0	0	0	0	0
Arroz Vermelho Cozido		100	115	23.5	2.8	0.9	0.2	0.32	0.38	2.1	0	0.1	0.03	1.5	0.31	0.14	4	0	0	0	0.11	0	0	1	42	11	5.5	78	0.65	0.45	0.01	2.4	0.18	0.11	0.42	42	9.3	0.02	0.32	0	0	0	0	155	0	0	0.32	0.32	0	0	0	0	0	0	0	0	0	10	0	0	0.1	0.3	0	0.5	0	0	0	0	0	0	0	0	0	0	0
Farelo de Aveia (Cru)		100	246	42	16.5	7	1.3	2.5	2.8	15.4	0	1.17	0.22	3.2	1.5	0.17	32	0	0	0	1.4	0	0	4	566	58	4.5	734	3.1	5.4	0.01	1.2	0.2	0.15	5.4	235	32.2	0.1	2.7	0	0	0	0	450	0	0	2.5	2.7	0	0	0.1	0	0	0	0	0	0	0	0	0	0.4	0.5	0	1.5	0	0	0	0	0	0	0	0	0	0	6.5
Farelo de Trigo (Cru)		100	216	34.3	15.6	4.3	0.6	0.6	2.5	42.8	0	0.52	0.58	13.6	2.2	1.3	79	0	0	0	1.49	0	0	2	1182	73	64.3	1013	7.3	10.6	0.01	2.5	0.4	0.32	11.5	611	28	0.15	2.3	0	0	0	0	620	0	0	0.6	2.3	1.4	0.2	0	0	0	5.5	0	0	0	0	0	0	1	1.2	0	10	0	0	0	0	0	0	0	0	0	0	0.5
Germe de Trigo (Cru)		100	360	51.8	23.2	9.7	1.7	1.4	5.8	13.2	0	1.88	0.5	6.8	2.3	0.68	78	0	0	0	0.4	0	0	3	892	39	12	842	12.3	6.3	0.01	0.8	0.2	0.1	1.8	239	27.4	0.7	5.1	0	0	0	0	950	0	0	1.4	5.1	0	0	0.2	0	0	0	0	0	0	0	0	0	0.6	0.8	0	15	0	0	0	0	0	0	0	0	0	0	0.2
Granola Integral		100	425	63	10	16.5	2.3	7.5	5.8	8.5	3	0.42	0.14	1.5	0.86	0.15	33	0	1.6	0	4.5	0	0	12	368	63	8	407	2.4	3.3	0.01	0.6	0.1	0.12	1.9	130	42	0.08	5.5	0	0	0	0	320	0	0	7.5	5.5	0.12	0.05	0.1	0	0	2.8	0	0	0	0	0	0	0.2	0.3	0	1	0	0	0	0	0	0	0	0	0	0	1.8
Muesli (Seco)		100	365	65	10	7.5	1.3	2.6	3.1	8.5	2	0.35	0.15	1.6	0.78	0.2	25	0	0	0	1.5	0	0	6	415	45	3	325	2	2.5	0.01	0.5	0.1	0.08	1.3	115	35	0.05	2.8	0	0	0	0	280	0	0	2.6	2.8	0.1	0.03	0.1	0	0	1.2	0	0	0	0	0	0	0.3	0.4	0	1.2	0	0	0	0	0	0	0	0	0	0	2
Trigo em Grão Cozido		100	145	30	4.2	0.8	0.1	0.1	0.4	4.8	0	0.12	0.04	1.5	0.3	0.11	24	0	0	0	0.2	0	0	2	180	25	1.8	160	0.9	1.8	0.01	0.7	0.1	0.08	0.35	64	12	0.02	0.4	0	0	0	0	110	0	0	0.1	0.4	0	0	0	0	0	0	0	0	0	0	0	0	0.1	0.2	0	0.4	0	0	0	0	0	0	0	0	0	0	0
Suco de Beterraba		100	43	10	1.5	0.1	0.02	0.01	0.05	0.2	2	0.03	0.04	0.3	0.15	0.07	80	0	5	0	0.04	0.2	0	65	300	11	0.5	30	0.25	0.7	0	0.02	0.05	0.05	0.25	20	6	0.01	0.04	0	0	0	3	45	0	0	0.01	0.04	0	0	0	0	0	0	0	0	0	0	0	0	1	0.8	0	0	0	0	0	120	0	0	0	0	0	0	0
Chá Preto Infusão		100	1	0.2	0	0	0	0	0	0	0	0	0	0.01	0.1	0.01	5	0	0	0	0	0	0	3	37	0	0	1	0.02	0.02	0	0.01	0.02	0.01	0.22	3	5	0	0.4	0	0	0	1	0	0	0	0	0	0.01	0	0	0	0	0.5	0	15	0	0	0	20	0.05	0.5	0	0	0	0.05	0	0	0	0	0	0	0	0	0
Chá Verde Infusão		100	1	0.2	0	0	0	0	0	0	0	0	0	0.01	0.1	0.01	6	0	0.3	0	0	0	0	1	25	0	0	1	0.01	0.02	0	0.01	0.02	0.01	0.18	2	6	0	0.4	0	0	0	2	0	0	0	0	0	0.02	0.01	0	0	0	2.1	0	25	0	0	0	80	0.1	0.2	0	0	0	0.1	0	0	0	0	0	0	0	0	0
Suco de Laranja Integral		100	45	10.4	0.7	0.2	0.02	0.04	0.04	0.2	10	0.09	0.03	0.4	0.2	0.04	30	0	50	0	0.2	0.1	0	1	200	11	0.1	17	0.05	0.2	0	0.02	0.05	0.04	0.02	11	6	0.01	0.03	0	0	0	1	15	0	0	0.02	0.03	0.05	0.02	0.05	0	0	1.2	0	0	0	0	0	0	0.2	0.1	0	0	0	0	0	5	0	35	1.5	0	0	0	0
Suco de Tomate Integral		100	17	3.5	0.8	0.1	0.01	0.01	0.04	0.4	23	0.05	0.02	0.6	0.22	0.07	20	0	18	0	0.35	2.5	0	10	230	10	0.4	19	0.12	0.4	0	0.03	0.05	0.05	0.07	11	5.5	0.01	0.03	0	0	0	2	22	0	9.2	0.01	0.03	0.06	0.01	0.1	0	0	2.5	0	0	0	0	0	0	1.5	0.8	0	0	0	0.1	0	10	0	0	0	0	0	0	0
Café Preto Sem Açúcar		100	1	0	0.1	0	0	0	0	0	0	0	0	0.08	0.2	0.25	2	0	0	0	0	0.1	0	2	49	2	0.2	3	0.02	0.01	0	0.02	0.05	0.02	0.05	3	8	0	2.6	0	0	0	1	0	0	0	0	0	0	0	0	0	0	0	0	0	0	0	0	0	80	15	0	0.1	0	0	0	0	0	0	0	0	0	0	0
Água de Coco		100	19	3.7	0.7	0.2	0.15	0.01	0.01	1.1	0	0.03	0.06	0.1	0.04	0.03	3	0	2.4	0	0	0	0	105	250	24	1	20	0.1	0.29	0	0.02	0.05	0.04	0.14	25	1.3	0.01	0.01	0	0	0	1	12	0	0	0.01	0.01	0	0	0	0	0	0	0	0	0	0	0	0	0	0	0	0	0	0	0	0	0	0	0	0	0	0	0
Vinho Tinto		100	85	2.6	0.1	0	0	0	0	0	0	0	0	0.03	0.2	0.04	2	0	0	0	0	0.4	0	4	127	8	0.2	23	0.14	0.46	0	0.02	0.05	0.02	0.13	12	8	0	0.4	0	0	0	1	0	0	0	0	0	0	0	0	0	0.3	1.5	0	0	0	25	0	12	0.2	1.5	1.5	0.05	0	0.02	1	0	0	0	0	0	0	0	0
Suco de Romã Integral		100	54	13.1	0.2	0.3	0.03	0.02	0.02	0.1	0	0.01	0.01	0.2	0.21	0.04	13	0	6.1	0	0.4	4.2	0	9	214	11	0.3	12	0.09	0.25	0	0.02	0.05	0.03	0.05	7	3.4	0.02	0.02	0	0	0	2	18	0	0	0.02	0.02	0	0	0	0	0	1.8	0	0	0	35	0	5	0	0	0	0	0	0	90	0	0	0	0	0	0	0	0
Suco de Uva Integral		100	60	14.8	0.4	0.1	0.02	0.01	0.03	0.2	1	0.03	0.02	0.2	0.05	0.04	2	0	0.5	0	0.11	0.3	0	2	104	11	0.1	11	0.05	0.25	0	0.02	0.05	0.02	0.13	10	3	0.01	0.03	0	0	0	2	12	0	0	0.01	0.03	0.01	0	0.02	0	0.1	1	0	0	0	60	0	8	0	0	0.8	0	0	0	0	0	0	0	0	0	0	0	0
Suco de Cenoura		100	40	9.3	1	0.15	0.02	0.01	0.06	0.8	956	0.06	0.06	0.4	0.2	0.1	4	0	8.5	0	1.16	4.5	0	66	292	24	0.1	42	0.18	0.46	0	0.02	0.05	0.04	0.14	14	7.5	0.01	0.05	0	0	0	3	20	0	0	0.01	0.05	0.3	0.05	0	0	0	0.5	0	0	0	0	0	0	4.5	0.8	0	0	0	0	0	30	0	0	0	0	0	0	0
Suco de cereja ácida		100	50	12.2	0.5	0.1	0.02	0.02	0.04	0.3	3	0.03	0.04	0.2	0.13	0.04	8	0	10	0	0.1	2.1	0	2	175	11	0.1	15	0.1	0.3	0	0.02	0.05	0.04	0.08	9	4	0.01	0.03	0	0	0	2	12	0	0	0.02	0.03	0.08	0.01	0	0	0	1.2	0	0	0	50	0	3	0	0	0	0	0	0	1.5	0	0	0	0	0	0	0	0
Suco de Cranberry		100	46	12.2	0.4	0.1	0.01	0.02	0.06	0.1	2	0.01	0.02	0.1	0.16	0.05	1	0	9.3	0	1.2	5.1	0	2	78	8	0.1	13	0.1	0.25	0	0.02	0.05	0.06	0.11	6	4	0.02	0.04	0	0	0	1	10	0	0	0.02	0.04	0.09	0	0	0	0	2.5	0	0	0	80	0	12	0	0	0	0	0	0	10	0	0	0	0	0	0	0	0
Suco de Toranja		100	39	9.2	0.5	0.1	0.01	0.01	0.03	0.1	10	0.03	0.02	0.2	0.13	0.04	10	0	38	0	0.15	0	0	1	162	9	0.1	12	0.05	0.2	0	0.02	0.05	0.02	0.01	12	7.7	0.01	0.02	0	0	0	1	12	0	1.1	0.01	0.02	0.01	0	0	0	0	0.5	0	0	0	0	0	0	2.5	0.8	0	0	0	0	0	5	0	5	35	0	0	0	0
Óleo de Amêndoa		100	884	0	0	100	6.2	69.9	17.4	0	0	0	0	0	0	0	0	0	0	0	39.2	7	0	0	0	0	0	0	0	0	0	0	0	0	0	0	0	0.01	17.4	0	0	0	0	0	0	0	69.9	17.4	0	0	10	0	0	0	0	0	0	0	0	0	0	0	0	0	0	0	0	0	0	0	0	0	0	0	0
Óleo de abacate		100	884	0	0	100	11.6	70.6	13.5	0	0	0	0	0	0	0	0	0	0	0	11.9	0	0	0	0	0	0	0	0	0	0	0	0	0	0	0	0	0.02	12.6	0	0	0	0	0	0	0	67.9	12.6	0	0	1.5	0	0	0	0	0	0	0	0	0	0	0	0	0	0	0	0	0	0	0	0	0	0	0	0
Manteiga		100	717	0.06	0.85	81.1	51.4	21	3	0	684	0.01	0.03	0.04	0.11	0.003	3	0.17	0	1.5	2.32	7	5.3	11	24	24	1	24	0.09	0.02	0	0	0	0.02	0.004	2	18.8	0.31	2.73	0	0	0	0	30	0	0	19.8	2.73	0.35	0.25	0.6	0	0	0	0	0	0.5	0	0	0	0	0	0	0	0	0	0	0	0	0	0	0	0	0	0
Óleo de Canola		100	884	0	0	100	7.4	63.3	28.1	0	0	0	0	0	0	0	0	0	0	0	17.5	71.3	0	0	0	0	0	0	0	0	0	0	0	0	0	0	0	9.1	18.6	0	0	0	0	0	0	0	61.8	18.6	0	0	1	0	0	0	0	0	0	0	0	0	0	0	0	0	0	0	0	0	0	0	0	0	0	0	0
Gordura de galinha		100	900	0	0	100	29.8	44.7	20.9	0	0	0	0	0	0	0	0	0	0	0	2.7	0	0	0	0	0	0	0	0	0	0	0	0	0	0	0	122	1	19.5	0	0	0	0	0	0	0	42.4	19.5	0	0	2.1	0	0	0	0	0	0	0	0	0	0	0	0	0	0	0	0	0	0	0	0	0	0	0	0
Óleo de Coco		100	862	0	0	100	86.5	5.8	1.8	0	0	0	0	0	0	0	0	0	0	0	0.11	0.5	0	0	0	0	0	0	0	0	0	0	0	0	0	0	0	0	1.8	0	0	0	0	0	0	0	5.8	1.8	0	0	0.1	0	0	0	0	0	0	0	0	0	0	0	0	0	0	0	0	0	0	0	0	0	0	0	0
Gordura de pato		100	882	0	0	100	33.2	49.3	12.9	0	0	0	0	0	0	0	0	0	0	0	2.7	0	0	0	0	0	0	0	0	0	0	0	0	0	0	0	122	1	11.5	0	0	0	0	0	0	0	46.5	11.5	0	0	1	0	0	0	0	0	0	0	0	0	0	0	0	0	0	0	0	0	0	0	0	0	0	0	0
Óleo de linhaça		100	884	0	0	100	9.4	20.2	66	0	0	0	0	0	0	0	0	0	0	0	17.5	9.3	0	0	0	0	0	0	0	0	0	0	0	0	0	0	0	53.3	12.7	0	0	0	0	0	0	0	20.2	12.7	0	0	0.5	0	0	0	0	0	0	0	0	0	0	0	0	0	0	0	0	0	0	0	0	0	0	0	0
Ghee		100	876	0	0	99.5	65	29	4	0	840	0	0	0	0	0	0	0	0	2	2.8	8.6	8	0	0	0	0	0	0	0	0	0	0	0.02	0.004	2	18.8	0.5	3.5	0	0	0	0	30	0	0	27	3.5	0	0	1.2	0	0	0	0	0	0.5	0	0	0	0	0	0	0	0	0	0	0	0	0	0	0	0	0	0
Gordura de ganso		100	900	0	0	100	32.7	51	11	0	0	0	0	0	0	0	0	0	0	0	2.7	0	0	0	0	0	0	0	0	0	0	0	0	0	0	0	122	0.5	10.5	0	0	0	0	0	0	0	48.5	10.5	0	0	1	0	0	0	0	0	0	0	0	0	0	0	0	0	0	0	0	0	0	0	0	0	0	0	0
Óleo de avelã		100	884	0	0	100	7.4	78	10.2	0	0	0	0	0	0	0	0	0	0	0	47.2	13.5	0	0	0	0	0	0	0	0	0	0	0	0	0	0	0	0.1	10.1	0	0	0	0	0	0	0	77.5	10.1	0	0	0.5	0	0	0	0	0	0	0	0	0	0	0	0	0	0	0	0	0	0	0	0	0	0	0	0
Banha		100	900	0	0	100	39.2	45.1	11.2	0	0	0	0	0	0	0	0	0	0	2.5	0.6	0	0	0	0	0	0	0	0	0	0	0	0	0	0	0	49.7	1	10.2	0	0	0	0	0	0	0	43.8	10.2	0	0	1.5	0	0	0	0	0	0	0	0	0	0	0	0	0	0	0	0	0	0	0	0	0	0	0	0
Azeite		100	884	0	0	100	13.8	73	10.5	0	0	0	0	0	0	0	0	0	0	0	14.4	60.2	0	0	0	0	0	0	0	0	0	0	0	0	0	0	0.3	0.76	9.74	0	0	0	0	0	0	0	71.3	9.74	0	0	3.2	0	0	0	0	0	0	0	0	0	0	0	0	3	0	0	0	0	0	0	0	0	0	0	0
Óleo de cártamo		100	884	0	0	100	7.5	75.2	12.8	0	0	0	0	0	0	0	0	0	0	0	34.1	4.8	0	0	0	0	0	0	0	0	0	0	0	0	0	0	0	0.1	12.7	0	0	0	0	0	0	0	74.5	12.7	0	0	0.2	0	0	0	0	0	0	0	0	0	0	0	0	0	0	0	0	0	0	0	0	0	0	0	0
Óleo de gergelim		100	884	0	0	100	14.2	39.7	41.7	0	0	0	0	0	0	0	0	0	0	0	1.4	13.6	0	0	0	0	0	0	0	0	0	0	0	0	0	0	0	0.3	41.3	0	0	0	0	0	0	0	39.3	41.3	0	0	1.8	0	0	0	0	0	0	0	0	0	0	0	0	250	0	0	0	0	0	0	0	0	0	0	0
Óleo de girassol		100	884	0	0	100	10.1	19.5	65.7	0	0	0	0	0	0	0	0	0	0	0	41.1	5.4	0	0	0	0	0	0	0	0	0	0	0	0	0	0	0	0.1	65.6	0	0	0	0	0	0	0	19.5	65.6	0	0	0.5	0	0	0	0	0	0	0	0	0	0	0	0	0	0	0	0	0	0	0	0	0	0	0	0
Óleo de nozes		100	884	0	0	100	9.1	16.6	69.3	0	0	0	0	0	0	0	0	0	0	0	0.4	15	0	0	0	0	0	0	0	0	0	0	0	0	0	0	0	10.4	58.9	0	0	0	0	0	0	0	16.5	58.9	0	0	0	0	0	0	0	0	0	0	0	0	0	0	0	0	0	0	0	0	0	0	0	0	0	0	0
Leitelho		100	40	4.8	3.3	0.9	0.5	0.2	0.03	0	11	0.04	0.17	0.1	0.35	0.04	5	0.4	1	0	0.02	0.1	0.1	79	151	116	2.3	89	0.4	0.05	0	0.01	0.01	0.01	0.01	11	13.5	0.01	0.02	0	0	0	0	80	0	0	0.2	0.02	0	0	0.05	0	0	0	0	0	0.2	0	0	0	0	0	0	0	0	0	0	0	0	0	0	0	0	0	0
Cheddar		100	403	1.3	24.9	33.1	21.1	9.4	1.4	0	334	0.03	0.38	0.1	0.41	0.07	18	1.1	0	0.6	0.71	2.8	15	621	98	721	14.5	512	3.9	0.2	0.01	0.02	0.02	0.03	0.01	28	16.5	0.2	0.8	0	0	5	0	680	0	0	8.5	0.8	0	0	0.5	0	0	0	0	0	1.5	0	0	0	0	0	0	0	0	0	0	0	0	0	0	0	0	0	0
Mozzarella		100	300	2.2	22.2	22.4	13.2	6.5	0.8	0	210	0.03	0.3	0.1	0.25	0.05	10	0.8	0	0.4	0.2	2.3	8	480	76	505	12	354	2.9	0.2	0.01	0.01	0.02	0.02	0.01	20	15.4	0.15	0.5	0	0	3	0	600	0	0	6	0.5	0	0	0.4	0	0	0	0	0	1	0	0	0	0	0	0	0	0	0	0	0	0	0	0	0	0	0	0
Cottage		100	98	3.4	11.1	4.3	1.7	1.2	0.1	0	41	0.02	0.17	0.1	0.21	0.06	12	0.43	0	0.1	0.08	0.4	1.5	364	104	83	9.1	150	0.4	0.1	0	0.01	0.01	0.01	0.01	8	12.2	0.03	0.1	0	0	1	0	420	0	0	1.1	0.1	0	0	0.1	0	0	0	0	0	0.3	0	0	0	0	0	0	0	0	0	0	0	0	0	0	0	0	0	0
Creme de leite		100	210	3	2	20	12.5	5.5	0.8	0	180	0.03	0.12	0.1	0.3	0.04	4	0.3	0.5	0.3	0.5	2	4.5	40	110	80	2.5	70	0.2	0.05	0	0.01	0.01	0.01	0.01	8	10.5	0.1	0.5	0	0	0.5	0	50	0	0	5.2	0.5	0	0	0.2	0	0	0	0	0	0.4	0	0	0	0	0	0	0	0	0	0	0	0	0	0	0	0	0	0
Kefir		100	61	4.8	3.3	3.3	1.9	0.8	0.12	0	46	0.04	0.18	0.11	0.36	0.04	5	0.45	1	0.1	0.07	0.3	2	44	132	113	3.7	84	0.37	0.03	0.01	0.01	0.05	0.01	0.01	10	14.3	0.03	0.09	0	0	1	0	70	0	0	0.8	0.09	0	0	0.1	0	0	0	0	0	0.5	0	0	0	0	0	0	0	0	0	0	0	0	0	0	0	0	0	0
Leite Integral		100	61	4.8	3.2	3.3	1.9	0.8	0.12	0	46	0.04	0.18	0.11	0.36	0.04	5	0.45	0	0.1	0.07	0.3	1	44	132	113	3.7	84	0.37	0.03	0.01	0.01	0.05	0.01	0.01	10	14.3	0.03	0.09	0	0	0.5	0	70	0	0	0.8	0.09	0	0	0.1	0	0	0	0	0	0.5	0	0	0	0	0	0	0	0	0	0	0	0	0	0	0	0	0	0
Leite Semi desnatado		100	50	4.8	3.3	2	1.2	0.5	0.08	0	29	0.04	0.18	0.11	0.36	0.04	5	0.46	0	0.1	0.04	0.2	0.6	44	135	115	3.7	86	0.38	0.03	0.01	0.01	0.05	0.01	0.01	11	14.5	0.02	0.06	0	0	0.4	0	72	0	0	0.5	0.06	0	0	0.06	0	0	0	0	0	0.3	0	0	0	0	0	0	0	0	0	0	0	0	0	0	0	0	0	0
Leite desnatado		100	35	4.8	3.4	0.1	0.05	0.02	0.01	0	2	0.04	0.18	0.11	0.37	0.04	5	0.47	0	0.1	0.01	0	0.05	44	138	118	3.8	88	0.4	0.03	0.01	0.01	0.05	0.01	0.01	11	14.8	0	0.01	0	0	0.1	0	75	0	0	0.02	0.01	0	0	0.01	0	0	0	0	0	0.1	0	0	0	0	0	0	0	0	0	0	0	0	0	0	0	0	0	0
Leite zero lactose		100	61	4.8	3.2	3.3	1.9	0.8	0.12	0	46	0.04	0.18	0.11	0.36	0.04	5	0.45	0	0.1	0.07	0.3	1	44	132	113	3.7	84	0.37	0.03	0.01	0.01	0.05	0.01	0.01	10	14.3	0.03	0.09	0	0	0.5	0	70	0	0	0.8	0.09	0	0	0.1	0	0	0	0	0	0.5	0	0	0	0	0	0	0	0	0	0	0	0	0	0	0	0	0	0
Iogurte Grego		100	106	3.6	9	4	2.4	1	0.15	0	35	0.03	0.14	0.1	0.32	0.05	7	0.52	0	0.1	0.05	0.2	1.2	35	141	100	4	135	0.52	0.05	0.01	0.01	0.05	0.01	0.01	11	15.1	0.04	0.11	0	0	2	0	180	0	0	1	0.11	0	0	0.12	0	0	0	0	0	0.6	0	0	0	0	0	0	0	0	0	0	0	0	0	0	0	0	0	0
Leite de Amêndoa		100	15	0.3	0.6	1.1	0.1	0.7	0.3	0.2	0	0.01	0.01	0.1	0.02	0.01	1	0	0	0	0.8	0	0	70	24	120	0.1	12	0.04	0.2	0	0.01	0.02	0.02	0.02	7	1.2	0	0.3	0	0	0	0	15	0	0	0.7	0.3	0	0	0	0	0	0.5	0	0	0	0	0	0	0	0	0	0	0	0	0	0	0	0	0	0	0	0	0
Leite de coco		100	31	1.2	0.3	2.8	2.5	0.1	0.03	0	0	0.01	0.01	0.1	0.03	0.01	2	0	0	0	0.1	0.1	0	15	45	120	0.1	15	0.05	0.3	0	0.01	0.02	0.02	0.05	5	1.1	0.01	0.02	0	0	0	0	10	0	0	0.1	0.02	0.00	0.00	0.02	0	0	0	0	0	0	0	0	0	0	0	0	0	0	0	0	0	0	0	0	0	0	0	0
Leite de cabra		100	69	4.5	3.6	4.1	2.7	1.1	0.15	0	56	0.05	0.14	0.3	0.31	0.05	1	0.07	0.1	0.1	0.07	0.3	0.8	50	204	134	1.4	111	0.3	0.05	0.01	0.01	0.05	0.01	0.01	14	16	0.04	0.11	0	0	1.2	0	90	0	0	1.1	0.11	0	0	0.08	0	0	0	0	0	0.8	0	0	0	0	0	0	0	0	0	0	0	0	0	0	0	0	0	0
Leite de aveia		100	48	6.8	1	1.5	0.2	0.6	0.7	0.8	0	0.04	0.03	0.2	0.15	0.02	5	0	0	0	0.1	1.2	0	45	75	120	0.5	35	0.1	0.2	0	0.02	0.03	0.01	0.1	12	1.5	0.01	0.7	0	0	0	0	40	0	0	0.6	0.7	0	0	0	0	0	0	0	0	0	0	0	0	0	0	0	0	0	0	0	0	0	0	0	0	0	0	0.1
Leite de ervilha		100	35	0.5	3.3	1.9	0.2	0.5	1.2	0	0	0.02	0.05	0.2	0.1	0.03	4	0	0	0	0.1	0	0	110	150	150	1.5	45	0.2	0.4	0	0.01	0.02	0.02	0.02	10	8	0.02	1.18	0	0	0	0	120	0	0	0.5	1.18	0	0	0	0	0	0	0	0	0	0	0	0	0	0	0	0	0	0	0	0	0	0	0	0	0	0	0
Leite de ovelha		100	108	5.4	6	7	4.6	1.7	0.3	0	44	0.07	0.36	0.4	0.41	0.06	7	0.71	4.2	0.1	0.11	0.4	1.5	44	137	193	4.2	158	0.53	0.1	0.01	0.01	0.05	0.01	0.01	18	20	0.08	0.22	0	0	2.5	0	160	0	0	1.7	0.22	0	0	0.15	0	0	0	0	0	1.4	0	0	0	0	0	0	0	0	0	0	0	0	0	0	0	0	0	0
Leite de soja		100	33	1.5	2.8	1.7	0.3	0.4	1	0.5	0	0.05	0.04	0.2	0.15	0.04	15	0	0	0	0.2	1.5	0	38	118	120	0.8	45	0.23	0.45	0	0.01	0.02	0.02	0.1	15	12	0.1	0.9	0	0	0	0	140	0	0	0.4	0.9	0	0	0	0	0	0.8	0	0	0	0	15	0	0	0	0	0	0	0	0	0	0	0	0	0	0	0	0
Queijo Feta		100	264	4.1	14.2	21.3	14.9	4.6	0.7	0	125	0.15	0.84	1	0.97	0.42	32	1.7	0	0.5	0.18	1.8	5	917	62	493	15	337	2.8	0.65	0	0.01	0.02	0.03	0.03	19	15.4	0.1	0.6	0	0	1.5	0	400	0	0	4.2	0.6	0	0	0.2	0	0	0	0	0	0.5	0	0	0	0	0	0	0	0	0	0	0	0	0	0	0	0	0	0
Queijo de Cabra		100	268	0.9	18.5	21.1	14.6	4.8	0.7	0	293	0.05	0.38	0.3	0.31	0.05	6	0.3	0	0.5	0.22	2.3	3	364	104	140	9.1	268	1.1	1.7	0	0.01	0.02	0.05	0.01	14	16	0.1	0.6	0	0	1	0	420	0	0	4.5	0.6	0	0	0.1	0	0	0	0	0	0.4	0	0	0	0	0	0	0	0	0	0	0	0	0	0	0	0	0	0
Gouda		100	356	2.2	24.9	27.4	17.6	7.8	0.8	0	165	0.03	0.33	0.1	0.34	0.08	21	1.5	0	0.5	0.24	2.3	35	819	121	700	14.5	546	3.9	0.2	0.01	0.02	0.02	0.03	0.01	29	15.4	0.15	0.65	0	0	3.5	0	650	0	0	7.2	0.65	0	0	0.4	0	0	0	0	0	1.2	0	0	0	0	0	0	0	0	0	0	0	0	0	0	0	0	0	0
Gruyere		100	413	0.4	29.8	32.3	18.9	10	1.5	0	271	0.06	0.28	0.1	0.53	0.08	10	1.6	0	0.6	0.28	2.7	28	714	81	1011	15	605	4.3	0.24	0.01	0.02	0.02	0.03	0.01	36	16.5	0.2	1.2	0	0	4.5	0	750	0	0	9.2	1.2	0	0	0.5	0	0	0	0	0	1.5	0	0	0	0	0	0	0	0	0	0	0	0	0	0	0	0	0	0
Monterey		100	373	0.7	24.5	30.3	19.1	8.6	1	0	198	0.03	0.38	0.1	0.42	0.07	18	1.3	0	0.5	0.24	2.5	12	621	81	746	14.5	490	3.5	0.24	0.01	0.01	0.02	0.03	0.01	27	15.4	0.12	0.85	0	0	3	0	620	0	0	7.9	0.85	0	0	0.3	0	0	0	0	0	1	0	0	0	0	0	0	0	0	0	0	0	0	0	0	0	0	0	0
Paneer		100	265	3.5	18.3	20.8	13.5	5.8	0.7	0	150	0.04	0.25	0.1	0.35	0.04	12	0.8	0	0.2	0.18	1.5	2	15	130	480	9.5	320	2.1	0.2	0	0.01	0.02	0.02	0.01	18	14	0.05	0.6	0	0	1	0	450	0	0	5.3	0.6	0	0	0.1	0	0	0	0	0	0.4	0	0	0	0	0	0	0	0	0	0	0	0	0	0	0	0	0	0
Parmesão		100	431	4.1	38.5	28.6	17.1	7.9	1.1	0	212	0.04	0.33	0.3	0.54	0.11	7	1.2	0	0.7	0.22	1.7	22	1529	125	1109	22.5	810	5.3	0.9	0.01	0.02	0.02	0.04	0.02	44	16	0.25	0.85	0	0	5.5	0	950	0	0	7.3	0.85	0	0	0.6	0	0	0	0	0	1.8	0	0	0	0	0	0	0	0	0	0	0	0	0	0	0	0	0	0
Provolone		100	351	2.1	25.6	26.6	17.1	7.4	0.8	0	195	0.03	0.32	0.1	0.34	0.07	10	1.5	0	0.5	0.24	2.3	18	876	138	756	14.5	496	3.4	0.52	0.01	0.01	0.02	0.03	0.01	28	15.1	0.11	0.65	0	0	3.2	0	630	0	0	6.9	0.65	0	0	0.3	0	0	0	0	0	1.1	0	0	0	0	0	0	0	0	0	0	0	0	0	0	0	0	0	0
Ricota		100	174	3	11.3	13	8.3	3.6	0.4	0	115	0.02	0.18	0.1	0.21	0.04	11	0.3	0	0.1	0.11	1.1	1.5	84	105	207	9	158	1.1	0.4	0	0.01	0.01	0.02	0.01	11	12	0.04	0.35	0	0	1	0	310	0	0	3.2	0.35	0	0	0.1	0	0	0	0	0	0.3	0	0	0	0	0	0	0	0	0	0	0	0	0	0	0	0	0	0
Queijo Romano		100	387	3.6	31.8	26.9	17	7.4	1	0	242	0.04	0.35	0.3	0.45	0.1	8	1.4	0	0.6	0.22	1.8	24	1200	110	1050	21	760	4.8	0.8	0.01	0.02	0.02	0.04	0.02	41	16	0.22	0.75	0	0	5	0	880	0	0	6.8	0.75	0	0	0.5	0	0	0	0	0	1.6	0	0	0	0	0	0	0	0	0	0	0	0	0	0	0	0	0	0
Queijo suíço		100	380	1.5	27	27.8	17.8	7.4	1	0	247	0.05	0.31	0.1	0.49	0.08	6	1.7	0	0.6	0.25	2.4	32	187	77	791	14.5	567	3.9	0.17	0.01	0.01	0.02	0.03	0.01	34	15.4	0.14	0.8	0	0	4	0	680	0	0	6.8	0.8	0	0	0.4	0	0	0	0	0	1.3	0	0	0	0	0	0	0	0	0	0	0	0	0	0	0	0	0	0
Pimenta da Jamaica		100	263	72.1	6.1	8.7	2.5	0.6	1.3	21.6	27	0.1	0.13	2.9	0.21	0.21	36	0	39.2	0	0	120	0	77	1044	661	2.7	113	1	7.1	0	0.01	0.02	0.55	3.1	135	12	0.1	1.2	0	0	0	0	0	0	0	0.6	1.2	0	0	0	0	0	0	0	0	0	0	0	0	15	10	0	0	0	0	0	10	0	0	0	150	0	0	0
Anis		100	337	50	17.6	15.9	0.6	9.8	3.2	14.6	16	0.34	0.29	3.1	0.8	0.65	10	0	21	0	0	0	0	16	1441	646	5	440	5.3	37	0	0.01	0.02	0.91	2.3	170	10	0.6	2.6	0	0	0	0	0	0	0	9.8	2.6	0	0	0	0	0	5	0	0	0	0	0	0	5	2	0	1.2	0	0.5	0	10	0	0	0	0	0	0	0
Mangericão		100	233	47.8	23	4.1	2.2	0.4	1.3	37.7	370	0.16	0.52	4.9	0.84	1.34	68	0	61	0	10.7	1714	0	76	2631	2240	3	274	7.1	89.8	0	0.02	0.03	2.1	9.8	711	55	0.5	0.8	0	0	0	0	0	0	0	0.4	0.8	56.5	0	0	0	0	15	0	0	0	0	0	0	12	25	0	0	0	15	0	20	0	0	0	80	0	0	0
Pimenta do Reino		100	251	64	10.4	3.3	1.4	0.7	1	25.3	27	0.11	0.18	1.1	1.4	0.29	17	0	0	0	1	163.7	0	20	1329	443	4.9	158	1.3	9.7	0.01	0.01	0.02	1.33	12.8	171	11.3	0.16	0.83	0	0	0	0	0	0	0	0.74	0.83	0.5	0.05	0	0	0	1.5	0	0	0	0	0	0	2	5	0	0	0	0	0	10	0	0	0	0	0	0	0
Cardamomo		100	311	68.5	10.8	6.7	0.7	0.9	0.4	28	0	0.2	0.18	1.1	0.35	0.23	21	0	21	0	0.2	0	0	18	1119	383	0	178	2.1	14	0	0.01	0.02	0.38	28	229	10	0.1	0.3	0	0	0	0	0	0	0	0.9	0.3	0	0	0	0	0	0	0	0	0	0	0	0	8	4	0	0.1	0	0	0	10	0	0	0	0	0	0	0
Pimenta Cayena		100	318	56.6	12	17.3	3.3	0.9	8.4	27.2	2080	0.33	0.92	8.7	1.2	2.45	106	0	76.4	0	29.8	80.3	0	30	2014	148	8.8	293	2.5	7.8	0	0.01	0.02	0.37	2	152	40	0.6	7.8	0	0	0	0	0	0	0	0.9	7.8	13.2	1.1	0	0	0	8.5	0	0	0	0	0	0	10	8	0	0	0	0.5	0	20	200	0	0	0	0	0	0
Semente de Salsão		100	392	41.4	18.1	24.7	3.2	16.1	4.3	11.8	3	0.35	0.38	1.4	0.6	0.89	10	0	17.1	0	0	0	0	160	1400	1767	3	547	6.9	44.9	0	0.01	0.02	0.94	7	440	22	0.6	3.7	0	0	0	0	0	0	0	16.1	3.7	0	0	0	0	0	0	0	0	0	0	0	0	5	3	0	1.5	0	80	0	40	0	0	0	0	0	0	0
Cebolinha		100	297	64.3	21.2	2.5	0.3	0.2	1.4	26.2	436	0.24	0.59	2.7	1.1	0.44	208	0	181	0	4.4	1700	0	62	2960	856	3.8	443	4.2	22.3	0	0.02	0.03	0.41	4.7	243	31	0.5	0.9	0	0	0	0	0	0	0	0.2	0.9	24.5	1.5	0	0	0	18	0	0	0	0	0	0	0.2	0.3	0	0	0	2.5	0	60	0	0	0	0	0	0	0
Coentro		100	279	52.1	21.9	4.8	0.2	2.2	1.3	10.4	293	1.25	1.5	11	2.5	0.6	274	0	566	0	2.5	1354	0	211	4141	1246	4	412	4.7	42.5	0	0.02	0.03	0.9	4.5	694	52	0.3	1	0	0	0	0	0	0	0	2.2	1	45.8	2.5	0	0	0	22	0	0	0	0	0	0	1.2	1.8	0	0	0	1	0	80	0	0	0	0	0	0	0
Canela		100	247	80.6	4	1.2	0.3	0.2	0.1	53.1	15	0.02	0.04	1.3	0.4	0.16	6	0	3.8	0	2.32	31.2	0	10	431	1002	15.1	64	1.8	8.3	0	0.01	0.01	0.34	17.5	60	11.5	0.01	0.05	0	0	0	0	0	0	0	0.2	0.05	0.2	0.02	0	0	0	1.2	0	0	0	0	0	0	10	15	0	2.5	0	0	0	10	0	0	0	0	0	0	0
Cravo		100	274	65.5	6	13	2.8	1.4	7.5	33.9	8	0.12	0.22	1.6	0.51	0.39	25	0	0	0	8.8	141.8	0	277	1020	632	7.2	105	2.3	11.8	0	0.01	0.01	0.37	60.1	259	15.1	0.15	7.1	0	0	0	0	0	0	0	1.4	7.1	0.3	0.02	0.00	0.00	0.00	2.00	0.00	0.00	0.00	0	0	0	15	30	0	0	0	0	0	15	0	0	0	200	0	0	0
Semente de coentro		100	298	55	12.4	17.8	1	13.6	1.8	41.9	0	0.24	0.29	2.1	0.21	0.43	0	0	21	0	1	0	0	35	1267	709	26.2	409	4.7	16.3	0	0.01	0.01	0.97	1.9	330	15	1.6	0.2	0	0	0	0	0	0	0	13.6	0.2	0	0	0	0	0	0	0	0	0	0	0	0	5	4	0	0.5	0	0.5	0	20	0	0	0	0	0	0	0
Cominho		100	375	44.2	17.8	22.3	1.5	14	3.3	10.5	64	0.63	0.33	4.6	0.9	0.44	10	0	7.7	0	3.3	5.4	0	168	1788	931	5.2	499	4.8	66.4	0	0.01	0.02	0.87	3.3	366	21	0.6	2.7	0	0	0	0	0	0	0	14	2.7	0.5	0.05	0	0	0	3.5	0	0	0	0	0	0	6	5	0	0.8	0	1.2	0	15	0	0	0	0	0	0	0
Dill		100	253	55.8	20	4.4	0.2	2.3	1	13.6	293	0.42	0.44	2.8	0.3	0.3	274	0	1.7	0	1.7	0	0	208	3300	1784	4.4	543	5.2	48.8	0	0.02	0.03	0.78	4.1	451	42	0.4	0.6	0	0	0	0	0	0	0	2.3	0.6	52.4	2.1	0	0	0	14	0	0	0	0	0	0	2.5	3	0	0	0	1.5	0	100	0	0	0	0	0	0	0
Erva doce		100	345	52.3	15.8	14.9	0.5	9.9	1.7	39.8	7	0.41	0.35	6.1	0.6	0.47	0	0	21	0	0	0	0	88	1694	1196	12.5	487	3.7	18.5	0	0.01	0.02	1.07	6.5	385	24	0.5	1.2	0	0	0	0	0	0	0	9.9	1.2	0	0	0	0	0	6.8	0	0	0	0	0	0	3.5	4	0	0.2	0	0.8	0	120	0	0	0	0	0	0	0
Alho em pó		100	332	72.7	16.6	0.7	0.2	0.04	0.4	9	0	0.43	0.14	0.6	0.7	0.62	3	0	12	0	0.1	0	0	60	1193	79	36.2	417	2.9	5.7	0	0.04	0.05	0.16	0.67	77	85	0.02	0.38	0	0	0	0	0	0	0	0.04	0.38	0	0	0.5	0	0	1.5	0	0	0	0	0	0	1.5	3	0	0.5	0	0	0	15	0	0	0	0	0	0	0
Gengibre		100	335	71.6	9	4.2	2.6	0.8	0.8	14.1	0	0.05	0.17	5.2	0.48	0.63	27	0	5	0	0	0	0	32	1320	114	4.1	168	4.8	19.8	0	0.02	0.05	0.48	33.3	184	28.8	0.15	0.65	0	0	0	0	0	0	0	0.8	0.65	0	0	0.1	0	0	0	0	0	0	0	0	0	0.5	0.8	0	0	0	0	0	10	0	0	0	0	0	0	0
Mangerona		100	271	60.6	12.7	7	0.5	0.9	4.8	40.3	40	0.29	0.32	4.1	0.9	1.19	274	0	51.4	0	1.7	621.7	0	77	1522	1990	4.5	306	3.6	82.7	0	0.02	0.03	1.13	5.4	346	45	0.6	4.2	0	0	0	0	0	0	0	0.9	4.2	18.5	1.1	0	0	0	12	0	0	0	0	0	0	12	18	0	0.2	0	2	0	30	0	0	0	120	0	0	0
Cebola em pó		100	341	79.1	10.1	1	0.2	0.1	0.6	15.2	0	0.16	0.15	1.1	0.6	0.32	19	0	21	0	0.2	0	0	54	985	384	15.1	322	2.1	3.9	0	0.02	0.05	0.23	0.51	92	41	0.03	0.57	0	0	0	0	0	0	0	0.1	0.57	0	0	0.2	0	0	18	0	0	0	0	0	0	0.8	3.2	0	0.8	0	0	0	40	0	0	8.5	0	0	0	0
Oregano		100	265	68.9	9	4.3	1.6	0.7	1.4	42.5	85	0.18	0.33	4.6	0.9	1.04	274	0	2.3	0	18.3	621.8	0	25	1260	1597	4.5	148	2.7	36.8	0	0.02	0.03	0.67	5	270	32	0.6	0.8	0	0	0	0	0	0	0	0.7	0.8	1.8	0.1	0	0	0	42	0	0	0	0	0	0	35	50	0	1.5	0	4.5	0	40	0	0	0	250	0	0	0
Páprica		100	282	54	14.1	12.9	2.1	1.7	7.8	34.9	2463	0.33	1.23	10.1	2.5	2.14	49	0	102	0	29.1	80.3	0	34	2280	177	6.3	314	4.3	21.1	0	0.01	0.03	0.71	1.6	178	51.5	0.6	7.2	0	0	0	0	0	0	0	1.7	7.2	19	1.8	0	0	0	8	0	0	0	0	0	0	8	6	0	0	0	0.2	0	30	15	0	0	0	0	0	0
Salsa		100	292	50.6	26.6	5.5	1.4	0.8	3.1	26.7	583	0.16	1.24	9.9	1.1	0.9	180	0	125	0	9	1360	0	452	2683	1140	14.1	436	5.4	22	0	0.02	0.03	0.78	9.8	400	97.1	0.4	2.7	0	0	0	0	0	0	0	0.8	2.7	64.3	3.5	0	0	0	35	0	0	0	0	0	0	4.5	8	0	0	0	220	0	150	0	0	0	0	0	0	0
Açafrão		100	310	65.4	11.4	5.9	1.6	1.3	2.1	3.9	27	0.12	0.27	1.5	1	1.01	93	0	80.8	0	0	0	0	148	1724	111	5.6	252	1.1	11.1	0	0.01	0.01	0.33	28.4	264	15	0.1	2	0	0	0	0	0	0	0	1.3	2	1.5	0.1	0	0	0	0	0	0	0	0	0	0	2	1.5	0	0	0	0.5	0	10	0	0	0	0	0	0	0
Sálvia		100	315	60.7	10.6	12.7	7	1.9	1.8	40.3	296	0.75	0.34	5.7	0.34	2.69	274	0	32.4	0	7.48	1714	0	11	1070	1652	3.7	91	4.7	28.1	0	0.02	0.03	0.76	3.1	428	43.6	0.2	1.6	0	0	0	0	0	0	0	1.9	1.6	24.5	1.2	0	0	0	20	0	0	0	0	0	0	25	35	0	0.5	0	1.5	0	30	0	0	0	350	0	0	0
Tomilho		100	276	63.9	9.1	7.4	2.7	0.5	3.3	37	240	0.35	0.41	4.9	0.41	0.55	274	0	50	0	4.65	1714	0	55	814	1890	4.5	201	6.2	123.6	0	0.02	0.03	0.86	7.9	220	40.5	0.3	3	0	0	0	0	0	0	0	0.5	3	16.5	0.8	0	0	0	15	0	0	0	0	0	0	20	30	0	0.8	0	2	0	40	0	0	0	280	0	0	0
Cúrcuma		100	312	67.1	9.7	3.3	1.8	0.5	0.8	22.7	0	0.06	0.15	1.4	0.54	0.11	39	0	0.7	0	4.43	13.4	0	27	2080	168	6.2	299	4.5	55	0	0.02	0.04	0.63	19.8	208	49.2	0.05	0.75	0	0	0	0	0	0	0	0.5	0.75	0	0	0	0	0	1.5	3500	0	0	0	0	0	12	8	0	0.5	0	0	0	20	0	0	0	0	0	0	0
Pimenta do Reino Branca		100	296	68.6	10.4	2.1	0.6	0.8	0.6	26.2	0	0.03	0.13	0.2	1.2	0.1	10	0	0	0	0	10.1	0	5	73	265	3.5	176	1.1	14.3	0.01	0.01	0.02	0.91	1.1	90	11	0.03	0.54	0	0	0	0	0	0	0	0.8	0.54	0	0	0	0	0	0	0	0	0	0	0	0	1.5	3	0	0	0	0	0	10	0	0	0	0	0	0	0
Cogumelo da faia		100	35	6.2	2.5	0.3	0.05	0.02	0.15	2.1	0	0.08	0.25	4.2	1.1	0.12	25	0	0	0.5	0.1	0	0	4	350	5	12	90	0.7	0.6	0.01	0.05	0.1	0.25	0.1	15	22	0.01	0.14	0	0	0	18	110	0	0	0.02	0.14	0	0	0.8	0	0	0	0	0	0	0	0	0	0	0	0	0	0	0	0	0	0	0	0	0	0	0	0.3
Cogumelo Cantarelo		100	32	6	1.5	0.5	0.04	0.02	0.25	3.8	1	0.02	0.21	4.1	1.1	0.04	2	0	0	5.3	0.12	0	0	9	506	9	1.2	57	0.7	3.5	0.02	0.4	0.2	0.35	0.2	13	15	0.01	0.24	0	0	0	12	80	0	0	0.02	0.24	0	0	0.5	0	0	0	0	0	0	0	0	0	0	0	0	0	0	0	0	0	0	0	0	0	0	0	0.4
Cogumelo orelha de nuvem		100	25	6.5	1	0.1	0.02	0.01	0.05	5	0	0.02	0.1	1	0.4	0.05	15	0	0	0.1	0.1	0	0	15	45	35	1.5	30	0.5	5.5	0.01	0.05	0.1	0.2	0.5	20	12	0.01	0.04	0	0	0	10	60	0	0	0.01	0.04	0	0	0.3	0	0	0	0	0	0	0	0	0	0	0	0	0	0	0	0	0	0	0	0	0	0	0	0.6
Cogumelo Cremini		100	35	4.3	3	0.1	0.02	0.01	0.05	0.6	0	0.06	0.49	3.8	1.5	0.11	16	0	0	0.2	0.02	0	0	6	365	15	26	120	1.1	1.7	0.01	0.02	0.05	0.43	0.1	22	24	0.01	0.04	0	0	0	26	130	0	0	0.01	0.04	0	0	1.1	0	0	0	0	0	0	0	0	0	0	0	0	0	0	0	0	0	0	0	0	0	0	0	0.3
Cogumelo Enoki		100	37	7	2.7	0.3	0.04	0.02	0.17	2.7	0	0.15	0.14	5.4	1	0.1	34	0	0	0.1	0.05	0	0	3	315	3	1.5	85	0.6	1.1	0.01	0.02	0.05	0.1	0.08	14	19	0.01	0.16	0	0	0	22	115	0	0	0.02	0.16	0	0	0.7	0	0	0	0	0	0	0	0	0	0	0	0	0	0	0	0	0	0	0	0	0	0	0	0.2
Cogumelo King oyster		100	35	6	2.4	0.3	0.04	0.02	0.15	2.2	0	0.07	0.22	4.8	1.2	0.11	27	0	0	0.2	0.08	0	0	4	380	4	15	95	0.6	0.7	0.01	0.03	0.05	0.22	0.1	16	20	0.01	0.14	0	0	0	24	110	0	0	0.02	0.14	0	0	0.9	0	0	0	0	0	0	0	0	0	0	0	0	0	0	0	0	0	0	0	0	0	0	0	0.4
Cogumelo Lion's mane		100	35	6.5	2.5	0.2	0.03	0.01	0.12	2.4	0	0.08	0.23	4.5	1.1	0.1	30	0	0	0.3	0.07	0	0	2	350	5	11	92	0.7	0.6	0.01	0.02	0.05	0.25	0.1	15	21	0.01	0.12	0	0	0	30	120	0	0	0.01	0.12	0	0	1.2	0	0	0	0	0	0	0	0	0	0	0	0	0	0	0	0	0	0	0	0	0	0	0	0.6
Cogumelo Maitake		100	31	5.6	1.9	0.4	0.05	0.03	0.17	2	0	0.12	0.21	5	0.23	0.21	23	0	0	28.1	0.22	0	0	1	230	1	1.6	86	0.6	0.25	0.01	0.02	0.05	0.21	0.13	11	18.7	0.01	0.16	0	0	0	25	95	0	0	0.03	0.16	0	0	1	0	0	0	0	0	0	0	0	0	0	0	0	0	0	0	0	0	0	0	0	0	0	0	0.8
Cogumelo Morel		100	31	4.4	2.4	0.4	0.05	0.03	0.15	2.2	0	0.07	0.38	4.4	1.5	0.11	14	0	0	4.2	0.1	0	0	15	296	13	1.9	153	1.7	11	0.02	0.3	0.2	0.5	0.47	16	18	0.01	0.14	0	0	0	15	85	0	0	0.03	0.14	0	0	0.6	0	0	0	0	0	0	0	0	0	0	0	0	0	0	0	0	0	0	0	0	0	0	0	0.5
Cogumelo Oyster		100	33	5.5	3	0.4	0.05	0.03	0.17	2.1	0	0.11	0.31	4.5	1.1	0.11	29	0	0	0.7	0.1	0	0	6	370	3	1.2	105	0.7	1.2	0.01	0.03	0.05	0.24	0.11	16	26	0.01	0.16	0	0	0	28	125	0	0	0.03	0.16	0	0	0.8	0	0	0	0	0	0	0	0	0	0	0	0	0	0	0	0	0	0	0	0	0	0	0	0.4
Cogumelo Portobello		100	35	5.1	2.5	0.5	0.07	0.02	0.27	2.2	0	0.05	0.45	4.5	1.2	0.13	16	0	0	0.3	0.04	0	0	6	437	14	31	135	0.8	0.7	0.01	0.03	0.05	0.42	0.08	20	22	0.01	0.26	0	0	0	24	110	0	0	0.02	0.26	0	0.00	1.1	0	0	0	0	0	0	0	0	0	0	0	0	0	0	0	0	0	0	0	0	0	0	0	0.3
Cogumelo Shitake		100	56	8.2	2.2	0.2	0.03	0.01	0.11	2.6	0	0.07	0.17	3.2	3.3	0.25	13	0	0	1.1	0.04	0	0	4	170	4	3.8	76	1.2	0.4	0.01	0.02	0.05	0.32	0.14	14	16	0.01	0.1	0	0	0	32	105	0	0	0.01	0.1	0	0	1.4	0	0	0	0	0	0	0	0	0	0	0	0	0	0	0	0	0	0	0	0	0	0	0	0.5
Champignon		100	28	4.1	2.4	0.2	0.03	0.01	0.08	2	0	0.08	0.32	3.2	1.1	0.11	15	0	0	0.2	0.02	0	0	5	312	4	14.6	88	0.7	0.4	0.01	0.02	0.05	0.31	0.07	12	18	0.01	0.08	0	0	0	25	110	0	0	0.01	0.08	0	0	0.8	0	0	0	0	0	0	0	0	0	0	0	0	0	0	0	0	0	0	0	0	0	0	0	0.2
Cogumelo Wood ear		100	25	6.4	2	0.1	0.03	0.01	0.04	3	0	0.02	0.14	0.8	0.21	0.1	13	0	0	0.1	0.02	0	0	11	140	52	0.6	37	0.21	1.2	0.01	0.03	0.05	0.06	0.13	13	10.2	0.01	0.04	0	0	0	12	75	0	0	0.01	0.04	0	0	0.4	0	0	0	0	0	0	0	0	0	0	0	0	0	0	0	0	0	0	0	0	0	0	0	0.6
Levedura		100	375	37	48	4	0.5	0.5	2	22	0	3.5	4	35	10	3	1200	0	0	0	0.5	0	0	70	1800	90	2.5	950	6	4.5	0.01	0.02	0.05	0.6	0.3	130	200	0.05	1.9	0	0	0	150	1200	0	0	0.5	1.9	0	0	12	0	0	0	0	0	0	0	0	0	0	0	0	0	0	0	0	0	0	0	0	0	0	0	7.5
Molho de pimenta		100	11	1.2	0.6	0.2	0.05	0.02	0.1	0.6	60	0.02	0.03	0.5	0.1	0.12	4	0	26	0	0.4	2.5	0	2500	130	10	0.2	16	0.1	0.4	0	0.02	0.02	0.03	0.05	10	3	0.01	0.08	0	0	0	1	15	0	0	0.02	0.08	0.3	0.05	0	0	0	2	0	0	0	0	0	0	0.5	0.4	0	0	0	0	0	10	25	0	0	0	0	0	0
Homus		100	166	14.3	4.8	9.6	1.4	4	3.6	4	1	0.12	0.06	0.6	0.3	0.2	48	0	0	0	1.1	10	0	380	230	38	2.5	110	1.1	1.6	0	0.03	0.02	0.25	0.5	30	20	0.1	3.5	0	0	0	2	250	0	0	3.8	3.5	0	0	0.1	0	0	0	0	0	0	0	0.1	0.2	0.1	0.1	0	12	0	0	0	10	0	0	0	0	0	0	0
Kimchi		100	15	2.4	1.1	0.5	0.07	0.02	0.17	1.6	42	0.03	0.04	0.5	0.2	0.14	45	0	15	0	0.2	45	1.5	498	235	33	0.5	24	0.2	1.5	0	0.03	0.02	0.06	0.12	14	6.2	0.04	0.13	0	0	0	12	35	0	0	0.02	0.13	0.6	0.1	0.05	2	0	4	0	0	0	0	0	0	0.2	0.1	0	0	0	0	0	25	2	0	0	0	2	0.5	0
Mostarda		100	66	4.7	4.4	4	0.2	2.3	1.1	3.3	4	0.07	0.07	0.5	0.2	0.1	15	0	0	0	1.5	0	0	1100	135	58	1	95	0.6	1.5	0	0.03	0.02	0.13	0.35	24	25	0.4	0.7	0	0	0	1	120	0	0	2.2	0.7	0.2	0.05	0	0	0	2	5	0	0	0	0	0	0.5	0.3	0	0.5	0	0	0	15	0	0	0	0	1	0.2	0
Pesto		100	520	6.5	4.7	53	7.2	35.8	7.5	1.5	120	0.07	0.15	1.2	0.3	0.15	25	0.1	15	0	5.5	300	0.5	800	250	150	1.5	135	1.2	2.2	0	0.02	0.02	0.15	0.5	52	12	0.3	7.2	0	0	0	5	280	0	0	35	7.2	8.5	0.2	1.2	0	0	4.2	0	0	0	0	0	0.2	8	15	0	0.8	0	10	0	15	0	0	0	45	0	0	0
Pico de Gallo		100	22	4.5	0.9	0.2	0.03	0.02	0.07	1.4	44	0.04	0.02	0.5	0.2	0.1	16	0	24	0	0.45	8	0	250	210	12	0.4	22	0.15	0.3	0	0.03	0.02	0.05	0.1	11	6.2	0.01	0.07	0	0	0	4	28	0	2.2	0.02	0.07	0.15	0.01	0.05	0	0	5.5	0	0	0	0	0	0	0.8	0.5	0	0	0	0.1	0	10	2.5	0	0	0	0	0	0
Molho de tomate		100	32	7.2	1.3	0.3	0.04	0.03	0.12	1.5	38	0.04	0.03	0.9	0.22	0.11	14	0	12	0	1.25	11	0	400	334	14	0.4	26	0.18	0.45	0	0.03	0.02	0.06	0.11	14	7.5	0.01	0.1	0	0	0	3	35	0	12	0.03	0.1	0.12	0.01	0.1	0	0	2.2	0	0	0	0	0	0	2.5	1.2	0	0	0	0.1	0	10	0	0	0	0	0	0	0
Salsa Verde		100	28	4.8	1	0.6	0.08	0.3	0.2	1.5	12	0.03	0.03	1.2	0.15	0.05	6	0	10	0	0.8	7	0	450	215	9	0.4	30	0.18	0.5	0	0.02	0.02	0.14	0.12	15	6	0.02	0.18	0	0	0	2	25	0	0	0.3	0.18	0.12	0	0	0	0	1.5	0	0	0	0	0	0	1.2	0.8	0	0	0	0.2	0	15	1.5	0	0	0	0	0	0
Chucrute		100	19	4.3	0.9	0.1	0.01	0.01	0.04	2.9	2	0.02	0.02	0.2	0.1	0.1	24	0	15	0	0.1	13	0.5	661	170	30	0.6	20	0.13	1.5	0	0.01	0.02	0.03	0.15	13	6.1	0.01	0.04	0	0	0	6	28	0	0	0.01	0.04	0.1	0	0	2	0	2	0	0	0	0	0	0	0.4	0.2	0	0	0	0	0	40	0	0	0	0	10	2.5	0
Molho de soja		100	53	4.9	8.1	0.6	0.1	0.1	0.3	0.8	0	0.06	0.12	2.2	0.35	0.1	18	0	0	0	0	0	0	5493	435	20	0.8	130	0.43	2.4	0	0.02	0.02	0.12	0.5	40	18	0.04	0.25	0	0	0	15	380	0	0	0.1	0.25	0	0	0	0	0	0	0	0	0	0	12	0	0	0	0	0	0	0	0	5	0	0	0	0	0	0	0
Sriracha		100	80	15	1.5	1	0.2	0.1	0.45	1.5	75	0.05	0.06	1	0.25	0.3	10	0	40	0	0.6	6	0	2300	215	15	0.4	32	0.2	0.6	0	0.03	0.02	0.08	0.1	15	5.5	0.02	0.45	0	0	0	2	35	0	0	0.1	0.45	0.5	0.02	0.02	0	0	3.5	0	0	0	0	0	0	1.2	0.8	0	0	0	0	0	15	35	0	0	0	0	0	0
Tahini		100	595	21.2	17	53.7	7.5	20.2	23.4	9.3	1	1.22	0.47	5.5	0.69	0.15	98	0	0	0	0.25	0	0	115	414	426	34.4	732	4.6	9	0	0.03	0.02	1.6	1.45	95	55	0.38	23	0	0	0	5	1200	0	0	20.2	23	0	0	0.25	0	0	0	0	0	0	0	0	0	0.2	0.1	0	120	0	0	0	10	0	0	0	0	0	0	0
Wasabi		100	292	46.1	2.2	10.9	0.6	6.2	3.7	6.5	0	0.03	0.04	0.4	0.2	0.1	12	0	31	0	1.1	13.2	0	1200	290	105	1.1	80	0.4	0.9	0	0.02	0.02	0.11	0.14	32	10	0.3	3.4	0	0	0	1	45	0	0	6.2	3.4	0.1	0	0	15	0	0	0	0	0	0	0	0	0.5	0.2	0	0	0	0	0	10	0	0	0	0	5	1.2	0
Alga Chlorella		100	411	23.8	58.4	9.3	0.9	1.5	4.2	12.1	51300	1.7	4.3	23.8	1.1	1.4	94	0.1	10.4	0	5.7	0	0	53	882	315	12.3	900	7.1	130	0.01	0.05	0.05	0.25	4.3	315	95	3.5	0.7	0	0	0	15	3200	0	0	1.5	0.7	120	15	1.5	0	0	0	0	0	0	0	0	0	0	0	0	0	0	0	0	0	0	0	0	0	0	0	1.5
Alga Dulse		100	264	43.8	18.1	0.3	0.05	0.02	0.1	14.3	2	0.2	0.4	2.2	0.4	0.2	140	0.9	30	0	1	10	0	1530	4140	268	0.8	250	1.5	33	0.05	0.2	0.3	0.2	0.5	293	15	0.05	0.05	0	0	0	5	450	0	0	0.02	0.05	0.5	0.05	0.2	0	0	0	0	0	0	0	0	0	0	0	0	0	0	0	0	10	0	0	0	0	0	0	0.2
Alga Irish moss		100	49	12.3	1.5	0.2	0.03	0.01	0.05	1.3	6	0.02	0.47	0.6	0.1	0.07	182	0	3	0	0.87	5	0	67	63	72	0.7	157	1.95	8.9	0.02	0.05	0.05	0.15	0.4	144	12	0.02	0.03	0	0	0	2	95	0	0	0.01	0.03	0.1	0.02	0.05	0	0	0	0	0	0	0	0	0	0	0	0	0	0	0	0	5	0	0	0	0	0	0	0.1
Alga Kelp		100	43	9.6	1.7	0.6	0.1	0.1	0.1	1.3	6	0.05	0.15	0.5	0.64	0.01	180	0	3	0	0.87	66	0	233	89	168	0.7	42	1.23	2.8	0.05	0.1	0.1	0.13	0.2	121	12	0.04	0.06	0	0	0	3	85	0	0	0.1	0.06	0.15	0.03	0.1	0	0	0	0	0	0	0	0	0	0	0	0	0.1	0	0	0	20	0	0	0	0	0	0	0.2
Alga Nori		100	300	44	35	0.3	0.1	0.05	0.1	5.1	260	0.24	3.4	15	1.6	0.6	1500	54	40	0	1	4	0	47	356	26	6	113	1.1	2.4	0.03	0.1	0.1	0.44	1.5	32	12.1	0.15	0.15	0	0	0	8	920	0	0	0.05	0.15	1.1	0.2	0.2	0	0	0	0	0	0	0	0	0	0	0	0	0	0	0	0	15	0	0	0	0	0	0	0.1
Alga Ogo		100	12	1.8	1.6	0.2	0.03	0.01	0.09	1	243	0.04	0.05	0.4	0.08	0.05	41	0	26	0	0.09	34	0	34	208	93	0.5	29	0.17	1.04	0.02	0.05	0.05	0.02	0.14	13	5	0.04	0.05	0	0	0	4	45	0	0	0.01	0.05	1.5	0	0.05	0	0	0	0	0	0	0	0	0	0	0	0	0	0	0	0	5	0	0	0	0	0	0	0.1
Alga Sea grapes		100	4	0.5	0.5	0.1	0.01	0.01	0.04	0.8	10	0.02	0.02	0.2	0.05	0.01	15	0	12	0	0.05	8	0	735	45	56	0.1	12	0.1	0.3	0.01	0.02	0.02	0.02	0.05	15	4	0.01	0.03	0	0	0	1	12	0	0	0.01	0.03	0.1	0.01	0.02	0	0	0	0	0	0	0	0	0	0	0	0	0	0	0	0	10	0	0	0	0	0	0	0.1
Spirulina		100	290	23.9	57.5	7.7	2.7	0.7	2.1	3.6	29	2.4	3.7	12.8	3.5	0.36	94	0	10.1	0	5	25.2	0	1048	1363	120	7.2	118	2	28.5	0.01	0.03	0.03	6.1	1.9	195	66	0.3	1.8	0	0	0	12	1100	0	0	0.7	1.8	85	15	1.8	0	0	0	0	0	0	0	0	0	0	0	0	0	0	0	0	30	0	0	0	0	0	0	0
Alga Wakame		100	45	9.1	3	0.6	0.13	0.12	0.21	0.5	18	0.06	0.23	1.6	0.7	0.02	196	0	3	0	1	5.2	0	872	50	150	0.7	80	0.38	2.1	0.02	0.1	0.1	0.28	1.4	107	13.5	0.13	0.08	0	0	0	5	95	0	0	0.12	0.08	0.2	0.05	0.2	0.02	0	0	0	0	0	0	0	0	0	0	0	0.1	0	0	0	25	0	0	0	0	0	0	0.2
Cérebro de boi		100	136	0	10.9	10.3	2.3	1.8	1.3	0	0	0.08	0.25	3.4	0.8	0.23	5	9.4	10	0.1	0.3	0	0	146	224	9	13.5	335	1.1	2.1	0	0.05	0.05	0.22	0.01	13	490	0.85	0.25	0	0	5	15	450	0	0	1.7	0.25	0	0	3.2	0	0	0	0	0	15	0	0	0	0	0	0	0	0	0	0	0	0	0	0	0	0	0	0
Cérebro de ovelha		100	142	0	11.4	10.6	2.4	1.9	1.4	0	0	0.11	0.26	3.6	0.85	0.25	6	11.2	11	0.1	0.3	0	0	156	230	10	15.2	340	1.2	2.3	0	0.05	0.05	0.24	0.01	14	495	0.9	0.26	0	0	5	15	460	0	0	1.8	0.26	0	0	3.5	0	0	0	0	0	16	0	0	0	0	0	0	0	0	0	0	0	0	0	0	0	0	0	0
Coração de boi		100	165	0	28.5	4.7	1.4	0.9	0.6	0	0	0.15	0.9	7.5	2.1	0.38	4	8.5	2	0.2	0.3	0	0	60	287	7	33.1	212	2.9	6.4	0.05	0.05	0.1	0.45	0.02	21	220	0.03	0.32	150	180	150	18	1200	0	0	0.7	0.32	0	0	11.3	0	0	0	0	0	140	0	0	0	0	0	0	0	0	0	0	0	0	0	0	0	0	0	0
Coração de galinha		100	185	0	26.2	7.9	2.4	2.6	1.7	0	15	0.15	0.74	4.8	1.8	0.34	7	7.2	3	0.1	0.3	0	0	72	232	11	24.3	198	6.8	5.9	0.03	0.03	0.1	0.4	0.02	19	215	0.08	1.35	120	110	180	14	1150	0	0	2.2	1.35	0	0	9.2	0	0	0	0	0	110	0	0	0	0	0	0	0	0	0	0	0	0	0	0	0	0	0	0
Coração de ovelha		100	174	0	26.5	6.8	2.1	1.8	1.1	0	0	0.14	1.1	6.8	2.3	0.4	5	10.5	4	0.2	0.3	0	0	65	290	8	30.5	215	3.1	5.5	0.05	0.05	0.1	0.5	0.02	22	225	0.05	0.45	160	190	160	16	1180	0	0	1.5	0.45	0	0	10.5	0	0	0	0	0	150	0	0	0	0	0	0	0	0	0	0	0	0	0	0	0	0	0	0
Coração de porco		100	148	0	24.1	4.2	1.2	0.8	0.9	0	0	0.55	0.65	6.2	1.6	0.38	4	4.2	3	0.1	0.2	0	0	48	271	7	36.5	205	2.8	4.3	0.03	0.03	0.1	0.4	0.02	18	210	0.04	0.55	140	150	140	15	1100	0	0	0.65	0.55	0	0	12.8	0	0	0	0	0	125	0	0	0	0	0	0	0	0	0	0	0	0	0	0	0	0	0	0
Coração de Peru		100	175	0	27	6.5	1.8	1.6	1.9	0	10	0.12	0.85	5.5	1.5	0.42	6	8.5	2	0.1	0.3	0	0	68	245	12	28.5	210	5.5	5.2	0.03	0.03	0.1	0.35	0.02	20	218	0.1	1.45	130	120	190	15	1160	0	0	1.4	1.45	0	0	10.2	0	0	0	0	0	120	0	0	0	0	0	0	0	0	0	0	0	0	0	0	0	0	0	0
Fígado de boi		100	175	5	26.5	4.7	1.4	0.9	0.6	0	9442	0.25	3.4	15.2	7.1	1	260	70	1.5	1.2	0.5	3.3	10	77	313	6	36.1	497	5.3	6.2	0.1	2.5	1.2	14.3	0.35	21	426	0.03	0.32	200	150	40	45	1500	0	0	0.7	0.32	0	0	5	0	0	0	0	0	120	0	0	0	0	0	0	0	0	0	0	0	0	0	0	0	0	0	0
Fígado de galinha		100	167	0.9	24.5	6.5	2.1	1.3	1.5	0	3960	0.29	1.8	11.3	6.2	0.85	560	16.5	28	2	0.7	0	0	85	230	11	54.2	390	3.2	11.6	0.05	0.1	0.2	0.5	0.25	19	325	0.08	1.1	150	120	35	35	1300	0	0	1.1	1.1	0	0	3.2	0	0	0	0	0	45	0	0	0	0	0	0	0	0	0	0	0	0	0	0	0	0	0	0
Fígado de ovelha		100	220	3.5	30.2	8.5	3.2	2.1	1.2	0	7450	0.42	3.1	16.5	7.8	0.95	400	85	4.5	1.5	0.6	3.5	8	75	305	10	115.2	450	5.5	10.2	0.08	0.5	0.3	8.2	0.38	22	410	0.05	0.45	190	140	45	42	1450	0	0	1.8	0.45	0	0	4.5	0	0	0	0	0	110	0	0	0	0	0	0	0	0	0	0	0	0	0	0	0	0	0	0
Fígado de Porco		100	165	2.5	26	4.4	1.4	0.8	0.8	0	6500	0.28	2.2	15.5	6.8	0.78	160	25	23	0.6	0.4	0	0	87	273	9	52.3	388	6.8	17.9	0.05	0.2	0.3	0.6	0.32	21	380	0.04	0.6	160	130	40	38	1250	0	0	0.65	0.6	0	0	3.8	0	0	0	0	0	65	0	0	0	0	0	0	0	0	0	0	0	0	0	0	0	0	0	0
Fígado de Perú		100	169	1.2	25.1	6.8	2.2	1.4	1.6	0	4200	0.26	1.9	12.1	6.4	0.88	590	18.2	25	2.2	0.7	0	0	80	240	12	58.5	402	3.5	12.2	0.05	0.1	0.2	0.45	0.26	20	330	0.09	1.2	140	110	38	36	1320	0	0	1.2	1.2	0	0	3.5	0	0	0	0	0	50	0	0	0	0	0	0	0	0	0	0	0	0	0	0	0	0	0	0
Farinha de bolota		100	501	54.5	4.2	30	3.8	21	4.3	7	4	0.12	0.14	1.9	0.63	0.44	34	0	0	0	0.5	0	0	1	628	45	1.2	92	0.6	1.1	0	0.01	0.02	0.15	0.35	74	35	0.1	4.2	0	0	0	0	110	0	0	21	4.2	0	0	0	0	0	0	0	0	0	0	0	80	1.2	0.5	0	0.5	0	0	0	5	0	0	0	0	0	0	0
Farinha de Amêndoas		100	590	20	21.4	52.5	3.9	33.4	12.4	10	0	0.22	0.84	3.6	0.41	0.11	49	0	0	0	24	0	0	1	746	268	4.1	490	3.2	3.7	0	0.03	0.05	1.03	2.3	271	52	0.01	12.3	0	0	0	15	450	0	0	32.3	12.3	0.1	0	0.1	0	0	25	0	0	0	0	0	3	0.1	0.1	0	0.6	0	0	0	10	0	0	0	0	0	0	0
Farinha de Amaranto		100	374	65	14.5	6.5	1.5	1.7	2.8	7	0	0.12	0.22	0.9	1.5	0.63	82	0	4.2	0	0.24	0	0	4	366	153	18.7	490	2.9	7.6	0	0.02	0.05	0.5	3.3	243	64	0.03	2.7	0	0	0	0	160	0	0	1.7	2.7	0	0	0	0	0	0	0	0	0	0	0	0	0.2	0.1	0	0.1	0	0	0	5	0	0	0	0	0	0	0.2
Farinha de cevada		100	345	74.5	10.5	1.6	0.3	0.2	0.8	10.1	0	0.37	0.11	6.3	0.44	0.4	32	0	0	0	0.57	2.2	0	4	290	32	37.7	296	2	2.7	0.01	0.02	0.05	0.34	1.03	91	37.8	0.08	0.72	0	0	0	0	110	0	0	0.2	0.72	0	0	0	0	0	0	0	0	0	0	0	0	0.1	0.1	0	1.5	0	0	0	10	0	0	0	0	0	0	4
Farinha de trigo sarraceno		100	335	70.6	12.6	3.1	0.7	1	1	10	0	0.42	0.14	5.2	1.25	0.58	54	0	0	0	0.32	0	0	11	578	41	8.4	337	2.4	4.1	0.01	0.03	0.05	0.51	2.03	251	54	0.08	0.94	0	0	0	0	140	0	0	0.95	0.94	0	0	0	0	0	0	0	0	0	0	0	2	1.2	0.8	0	0.8	0	0	0	8	0	0	0	0	0	0	0.1
Farinha de grão de bico		100	387	57.8	22.4	6.7	0.7	1.5	2.9	10.8	4	0.49	0.15	2.9	0.63	0.49	437	0	0	0	0.83	10	0	64	846	45	8.3	318	2.8	4.9	0.01	0.02	0.05	0.91	1.6	166	95	0.11	2.8	0	0	0	4.5	480	0	0	1.5	2.8	0.03	0.01	0.25	0	0	0.8	0	0	0	0	1.5	1.2	0.5	0.2	0	0.3	0	0	0	20	0	0	0	0	0	0	0
Farinha de coco		100	443	59.3	18.2	15	13.5	0.8	0.2	37.5	0	0.05	0.04	1.2	0.5	0.1	15	0	0	0	0.2	0.4	0	35	745	36	10	220	2.1	4.5	0	0.02	0.03	0.42	1.2	90	15.4	0.01	0.18	0	0	0	1	160	0	0	0.8	0.18	0	0	0.05	0	0	0	0	0	0	0	0	0	0	0	0	0.1	0	0	0	2	0	0	0	0	0	0	0
Farinha de painço		100	378	72.9	10.8	4.2	0.7	0.8	2.1	8.5	0	0.42	0.29	4.7	0.85	0.38	85	0	0	0	0.11	0.9	0	5	224	25	2.7	285	1.7	3	0.01	0.02	0.05	0.38	1.63	114	38.5	0.11	2.02	0	0	0	0	130	0	0	0.78	2.02	0	0	0	0	0	0	0	0	0	0	0	0	0.2	0.1	0	0.5	0	0	0	5	0	0	0	0	0	0	0
Farinha de aveia		100	404	65.7	14.7	9.1	1.3	3.1	4	6.5	0	0.69	0.15	1.5	1.1	0.12	32	0	0	0	0.8	3.2	0	4	371	55	34	453	3.5	4	0.01	0.02	0.05	0.43	4.1	144	32.2	0.12	3.84	0	0	0	0	450	0	0	3.05	3.84	0	0	0.1	0	0	0	0	0	0	0	0	0	0.2	0.1	0	1	0	0	0	10	0	0	0	0	0	0	5
Farinha de amendoim		100	327	21.8	48.4	11	1.8	5.2	3.6	11	0	0.75	0.18	23.8	2.6	0.52	340	0	0	0	2.1	0	0	22	1025	120	14.5	545	4.5	5.5	0	0.03	0.05	1.5	2.3	220	85	0.01	3.55	0	0	0	15	1800	0	0	5.15	3.55	0	0	0.1	0	0.1	2	0	0	0	0	0	0.8	0.2	0.1	0	0.5	0	0	0	12	0	0	0	0	0	0	0
Farinha de quinoa		100	368	64.2	14.3	6.1	0.7	1.6	2.4	7	1	0.36	0.32	1.5	0.77	0.49	184	0	0	0	2.44	0	0	5	563	47	8.5	457	3.1	4.6	0.01	0.02	0.05	0.59	2.03	197	70.2	0.26	2.15	0	0	0	0	180	0	0	1.55	2.15	0	0	0	0	0	0	0	0	0	0	0	0	0.1	0.1	0	0.2	0	0	0	8	0	0	0	0	0	0	0.3
Farinha de arroz integral		100	363	76.5	7.2	2.8	0.6	0.9	1	4.6	0	0.44	0.08	6.3	1.5	0.74	16	0	0	0	1.2	0	0	4	289	11	24.5	337	2.5	2	0.01	0.02	0.04	0.25	4.02	114	31.5	0.07	0.95	0	0	0	0	150	0	0	0.92	0.95	0	0	0	0	0	0	0	0	0	0	0	0	0.1	0.2	0	0.5	0	0	0	5	0	0	0	0	0	0	0
Farinha de centeio		100	325	68.6	15.9	2.2	0.3	0.3	1.1	14.6	0	0.61	0.25	4.3	1.45	0.44	78	0	0	0	1.28	5.9	0	2	566	40	35	385	3.7	4.7	0.01	0.03	0.05	0.42	6.18	163	40.5	0.15	0.98	0	0	0	0	120	0	0	0.28	0.98	0	0	0	0	0	0	0	0	0	0	0	0	0.2	0.1	0	4.5	0	0	0	10	0	0	0	0	0	0	1.5
Farinha de gergelim		100	382	35.4	31.7	12	1.8	4.5	5.2	15	1	1.25	0.44	11.2	0.12	1.25	145	0	0	0	0.25	0	0	11	495	980	5.7	642	7.9	14.8	0	0.02	0.05	4.15	2.48	362	25.6	0.25	4.95	0	0	0	5.5	1200	0	0	4.45	4.95	0	0	0.25	0	0	0	0	0	0	0	0	0	0.4	0.2	0	350	0	0	0	10	0	0	0	0	0	0	0
Farinha de soja		100	435	31.9	37.8	20.6	3	4.5	11.2	9.6	1	0.69	0.35	2.6	1.6	0.52	345	0	0	0	1.12	32.2	0	5	1660	210	19.1	492	3.9	6.4	0.02	0.04	0.05	1.95	2.52	210	122	1.25	10.05	0	0	0	8	920	0	0	4.35	10.05	0.13	0.03	0.4	0	0	2.5	0	0	0	0	180	4	2.5	0.8	0	1.2	0	0	0	40	0	0	0	0	0	0	0
Farinha de espelta		100	338	70.1	14.6	2.4	0.4	0.4	1.1	10.7	0	0.36	0.11	6.8	1.07	0.44	45	0	0	0	0.79	3.6	0	8	388	27	11.3	401	3.3	4.4	0.01	0.02	0.05	0.51	3.25	136	38.5	0.08	1.04	0	0	0	0	140	0	0	0.38	1.04	0	0	0	0	0	0	0	0	0	0	0	0	0.1	0.2	0	0.8	0	0	0	10	0	0	0	0	0	0	0.3
Farinha de triticale		100	338	71.9	13.1	1.8	0.4	0.3	0.8	12.4	0	0.42	0.13	1.4	1.32	0.43	73	0	0	0	0.9	0	0	5	340	37	25	358	3.5	3.3	0.01	0.02	0.05	0.44	3.18	130	40.5	0.06	0.76	0	0	0	0	130	0	0	0.28	0.76	0	0	0	0	0	0	0	0	0	0	0	0	0.1	0.2	0	0.8	0	0	0	10	0	0	0	0	0	0	0.4
Farinha de trigo integral		100	340	72	13.2	2.5	0.4	0.3	1.1	10.7	0	0.41	0.12	6.4	1.01	0.41	44	0	0	0	0.71	3.6	0	5	363	34	38.5	357	2.9	3.9	0.01	0.02	0.05	0.38	3.01	138	31.2	0.07	1.04	0	0	0	0	140	0	0	0.28	1.04	0	0	0.05	0	0	0	0	0	0	0	0	0	0.1	0.2	0	1.5	0	0	0	10	0	0	0	0	0	0	0.3
Pão de cevada		100	260	49	8	2.5	0.4	0.8	1.1	4.5	0	0.25	0.1	3	0.3	0.15	30	0	0	0	0.4	1.5	0	500	180	40	25	140	1.2	2.2	0	0.01	0.02	0.15	0.8	45	12	0.05	1	0	0	0	0	310	0	0	0.8	1	0	0	0	0	0	0	0	0	0	0	0	0	0.0	0.0	0	0.4	0	0	0	5	0	0	0	0	0	0	1.5
Ciabatta		100	255	51	8.5	1.5	0.3	0.8	0.3	2	0	0.2	0.1	2.5	0.2	0.05	20	0	0	0	0.3	1	0	560	100	20	22	90	0.8	1.5	0	0.01	0.02	0.1	0.4	22	8	0.01	0.3	0	0	0	0	250	0	0	0.8	0.3	0	0	0	0	0	0	0	0	0	0	0	0	0	0	0	0.1	0	0	0	2	0	0	0	0	0	0	0
Cracked wheat bread		100	250	46	9.5	2.2	0.4	0.4	1.2	5.5	0	0.3	0.12	3.5	0.4	0.18	35	0	0	0	0.8	2.5	0	480	190	35	28	160	1.4	2.5	0	0.01	0.02	0.18	1.4	60	15	0.06	1.1	0	0	0	0	340	0	0	0.4	1.1	0	0	0	0	0	0	0	0	0	0	0	0	0.1	0.1	0	0.8	0	0	0	5	0	0	0	0	0	0	0.1
Egg bread		100	287	48	10	5.5	1.5	2.2	1.3	1.8	25	0.35	0.18	3.2	0.5	0.1	40	0.2	0	0.1	0.6	1.5	0.2	490	130	30	26	125	1.1	2.3	0	0.01	0.01	0.12	0.4	24	42	0.05	1.2	0	0	0	1.5	350	0	0	2.1	1.2	0.05	0.03	0.1	0	0	0	0	0	0	0	0	0	0	0	0	0.1	0	0	0	2	0	0	0	0	0	0	0
Focaccia		100	294	45	8.8	8.5	1.2	5.8	1.1	2.2	0	0.25	0.12	2.8	0.3	0.06	24	0	0	0	1.2	5.5	0	580	115	25	24	105	0.9	1.8	0	0.01	0.02	0.12	0.5	26	10	0.05	1	0	0	0	0	280	0	0	5.5	1	0	0	0	0	0	0.2	0	0	0	0	0	0	0	0	0	0.1	0	0	0	2	0	0	0	0	0	0	0
Baguette		100	274	57	9.2	1.2	0.2	0.2	0.5	2.4	0	0.35	0.15	3.5	0.3	0.05	25	0	0	0	0.2	1	0	600	110	18	26	95	0.8	1.6	0	0.01	0.02	0.11	0.4	23	9	0.02	0.4	0	0	0	0	270	0	0	0.2	0.4	0	0	0	0	0	0	0	0	0	0	0	0	0	0	0	0.1	0	0	0	2	0	0	0	0	0	0	0
Pão multi grãos		100	265	43	10.2	4.2	0.6	1.5	1.8	6	2	0.38	0.15	3.2	0.5	0.22	45	0	0	0	1.5	4.5	0	420	215	45	28	185	1.5	2.6	0	0.01	0.02	0.22	1.6	65	18	0.35	1.4	0	0	0	0	380	0	0	1.4	1.4	0.05	0.01	0.1	0	0	0	0	0	0	0	0	0	0.1	0.1	0	5	0	0	0	8	0	0	0	0	0	0	0.8
Naan		100	290	50	8.5	6	3.2	1.6	0.4	2.2	15	0.22	0.14	2.6	0.4	0.06	22	0.1	0	0.05	0.3	1.2	0.1	515	125	45	20	115	0.8	1.6	0	0.01	0.01	0.1	0.3	22	14	0.02	0.3	0	0	0	0	260	0	0	1.5	0.3	0	0	0	0	0	0	0	0	0	0	0	0	0	0	0	0.1	0	0	0	2	0	0	0	0	0	0	0
Oat bran bread		100	245	44	9.5	2.5	0.4	0.8	1.1	5.2	0	0.35	0.1	2.2	0.5	0.12	28	0	0	0	0.5	2.5	0	480	185	42	24	165	1.2	2.4	0	0.01	0.02	0.18	1.4	60	16.5	0.04	1	0	0	0	0	340	0	0	0.8	1	0	0	0	0	0	0	0	0	0	0	0	0	0.1	0.1	0	0.5	0	0	0	5	0	0	0	0	0	0	1.8
Pita		100	275	56	9.1	1.2	0.2	0.2	0.5	2.2	0	0.3	0.12	3.2	0.3	0.05	24	0	0	0	0.2	1	0	520	110	20	25	98	0.8	1.6	0	0.01	0.02	0.11	0.4	24	9	0.02	0.5	0	0	0	0	260	0	0	0.2	0.5	0	0	0	0	0	0	0	0	0	0	0	0	0	0	0	0.1	0	0	0	2	0	0	0	0	0	0	0
Pão de batata		100	266	50	7.5	3.2	0.6	1.4	1	2.4	0	0.28	0.1	2.5	0.4	0.15	25	0	1.5	0	0.4	2	0	490	230	25	18	105	0.7	1.5	0	0.01	0.02	0.12	0.3	28	14	0.03	0.9	0	0	0	0	240	0	0	1.3	0.9	0	0	0	0	0	0	0	0	0	0	0	0	0.5	0.1	0	0.1	0	0	0	3	0	0	0	0	0	0	0
Pumpernickel		100	250	48	8.5	1.2	0.2	0.3	0.5	6.5	0	0.22	0.14	2.4	0.35	0.13	42	0	0	0	0.4	3.5	0	560	215	42	21	155	1.1	2.6	0	0.01	0.02	0.17	1.2	54	15	0.03	0.5	0	0	0	0	280	0	0	0.3	0.5	0	0	0	0	0	0	0	0	0	0	0	0	0.1	0.1	0	3.5	0	0	0	8	0	0	0	0	0	0	1
Rice bran bread		100	263	47	8.8	4.5	0.8	1.5	1.8	5	0	0.45	0.08	4.2	0.6	0.32	30	0	0	0	1.8	2	0	450	240	32	22	190	1.3	2.2	0	0.01	0.02	0.18	1.8	78	16	0.05	1.7	0	0	0	0	290	0	0	1.4	1.7	0	0	0	0	0	0	0	0	0	0	0	0	0.1	0.1	0	1.2	0	0	0	5	0	0	0	0	0	0	0.2
Pão de centeio		100	259	48	8.5	3.3	0.6	1	1.4	5.8	0	0.23	0.13	2.3	0.34	0.12	38	0	0	0	0.4	3.2	0	557	166	32	20	125	1	2.3	0	0.01	0.02	0.15	1	40	14	0.04	1.3	0	0	0	0	280	0	0	0.9	1.3	0	0	0	0	0	0	0	0	0	0	0	0	0.1	0.1	0	2	0	0	0	6	0	0	0	0	0	0	0.8
Sourdough		100	260	51	9	1.5	0.3	0.3	0.6	2.4	0	0.28	0.12	3.1	0.3	0.06	22	0	0	0	0.24	1.2	0	520	115	24	24	98	0.8	1.8	0	0.01	0.02	0.11	0.4	24	9.5	0.02	0.5	0	0	0	1	270	0	0	0.3	0.5	0	0	0	0	0.02	0	0	0	0	0	0	0	0	0	0	0.2	0	0	0	3	0	0	0	0	0	0	0
Sprouted bread		100	252	40	12	2.5	0.4	0.6	1.2	6.5	2	0.42	0.16	3.8	0.6	0.25	60	0	1.2	0	1.6	5	0	340	240	48	32	210	1.8	3.2	0	0.01	0.02	0.25	1.8	78	22	0.15	1	0	0	0	4.5	440	0	0	0.6	1	0	0	0.12	0	0	0	0	0	0	0	0	0	0.1	0.1	0	1.5	0	0	0	8	0	0	0	0	0	0	0.4
Whole wheat bread		100	250	45	9.5	2.4	0.4	0.4	1.2	6	0	0.36	0.12	4.1	0.5	0.2	38	0	0	0	0.8	3.5	0	460	212	36	26	165	1.4	2.4	0	0.01	0.02	0.18	1.4	63	15	0.05	1.1	0	0	0	0	340	0	0	0.4	1.1	0	0	0.05	0	0	0	0	0	0	0	0	0	0.1	0.1	0	0.8	0	0	0	5	0	0	0	0	0	0	0.2
Mycoprotein		100	85	3	11	2.9	0.5	0.3	1.5	6	0	0.05	0.2	0.4	0.25	0.1	18	0	0	0	0.1	0	0	5	250	15	15	200	3.5	0.5	0	0.01	0.02	0.12	4.5	25	35	0.05	1.45	0	0	0	10	450	0	0	0.3	1.45	0	0	0.2	0	0	0	0	0	0	0	0	0	0	0	0	0	0	0	0	0	0	0	0	0	0	0	4
Natto		100	211	14.4	19.4	11	1.6	2.4	5.3	5.4	0	0.16	0.19	0.9	0.21	0.13	13	0	13	0	0.5	23.1	900	7	729	217	8.8	389	3	8.6	0	0.02	0.02	0.33	1.5	115	56	0.52	4.78	0	0	0	15	1200	0	0	2.4	4.78	0	0	0.5	0	0	0	0	0	0	0	60	0	0	0	0	0.2	0	0	0	10	0	0	0	0	0	0	0
Seitan		100	148	5.2	25	1.9	0.3	0.2	0.8	0.6	0	0.02	0.05	0.9	0.1	0.03	4	0	0	0	0.1	0	0	100	100	29	38.5	150	0.8	1.2	0	0.02	0.02	0.11	0.5	25	15	0.02	0.78	0	0	0	0	950	0	0	0.2	0.78	0	0	0	0	0	0	0	0	0	0	0	0	0	0	0	0.1	0	0	0	2	0	0	0	0	0	0	0
Tempeh		100	195	7.6	20.3	11.4	1.6	2.7	5.4	4.8	0	0.08	0.36	2.6	0.35	0.22	24	0.1	0	0	0.5	0	2.5	9	412	111	7	266	1.8	2.7	0	0.02	0.02	0.56	1.3	81	48	0.4	5	0	0	0	8	1100	0	0	2.7	5	0	0	0.2	0	0	1.5	0	0	0	0	80	0	0	0	0	0.3	0	0	0	15	0	0	0	0	0	0	0
Proteína vegetal texturizada		100	116	10.5	16.5	0.3	0.05	0.05	0.15	5.5	0	0.15	0.1	1.2	0.4	0.1	65	0	0	0	0.1	5	0	4	350	85	2.8	180	1.3	3.3	0	0.02	0.02	0.4	0.8	60	28	0.02	0.13	0	0	0	4	950	0	0	0.05	0.13	0	0	0.1	0	0	0.5	0	0	0	0	120	0	0	0	0	0.5	0	0	0	25	0	0	0	0	0	0	0
Tofu		100	144	2.8	17.3	8.8	1.3	1.9	4.9	2.3	0	0.16	0.1	0.4	0.15	0.1	29	0	0	0	0.1	4	0	14	147	683	17.4	190	1.5	2.7	0	0.02	0.02	0.38	1.16	58	28	0.6	4.3	0	0	0	3	950	0	0	1.9	4.3	0	0	0.1	0	0	0.5	0	0	0	0	30	0	0	0	0	0.1	0	0	0	10	0	0	0	0	0	0	0
Manteiga de Amêndoa		100	614	18.8	21	55.5	4.3	34.6	12.8	10.3	0	0.15	0.85	3.4	0.4	0.1	50	0	0	0	24	0	0	1	748	268	4.1	490	3.2	3.5	0	0.03	0.05	1	2.2	270	52	0.01	12.8	0	0	0	12	450	0	0	34.6	12.8	0.1	0	0.1	0	0	22	0	0	0	0	0	3	1	0.4	0	1	0	0	0	10	0	0	0	0	0	0	0
